Steps,Policy/Entropy,Environment/Episode Length,Policy/Extrinsic Value Estimate,Policy/Curiosity Value Estimate,Policy/GAIL Value Estimate,Environment/Cumulative Reward,Policy/Extrinsic Reward,Policy/Curiosity Reward,Policy/GAIL Reward,Is Training
1000,2.1959085,32.86666666666667,-0.10299515,-0.31158277,0.14210594,-0.4364368072871504,-0.4364368072871504,0.0,0.0,1.0
2000,2.1963315,44.27272727272727,-0.17476107,-0.32521307,0.116794996,0.2677815177223899,0.2677815177223899,0.0,0.0,1.0
3000,2.1963649,43.285714285714285,-0.16821937,-0.34326345,0.17986937,1.206721219149503,1.206721219149503,0.0,0.0,1.0
4000,2.196398,40.69230769230769,-0.11931506,-0.24255511,0.19128259,0.5395071959495544,0.5395071959495544,0.0,0.0,1.0
5000,2.1964018,38.96,-0.2033374,-0.34739345,0.15597421,0.5679156303405761,0.5679156303405761,0.0,0.0,1.0
6000,2.1964085,36.64,-0.06333108,-0.32724538,0.19207674,-0.2978315445093008,-0.2978315445093008,0.0,0.0,1.0
7000,2.1962996,37.82142857142857,-0.14670205,-0.43135828,0.10776243,0.2542422524204961,0.2542422524204961,0.0,0.0,1.0
8000,2.1964939,49.473684210526315,-0.086838454,-0.27671584,0.165068,1.5350575980387235,1.5350575980387235,0.0,0.0,1.0
9000,2.196447,38.6,-0.11016711,-0.28029004,0.195327,0.19194664478302,0.19194664478302,0.0,0.0,1.0
10000,2.1967168,40.30769230769231,-0.045377005,-0.2659342,0.16382767,0.12333248342786517,0.12333248342786517,0.0,0.0,1.0
11000,2.193495,94.06666666666666,-0.1806463,-0.29943204,0.0650593,1.2160760104656219,1.2160760104656219,24.53909025192261,1.6615507105986278,1.0
12000,2.19062,64.625,-0.27582055,-0.26598108,0.21056674,1.517995642622312,1.517995642622312,41.345450973510744,1.9433593427141507,1.0
13000,2.1922014,39.90909090909091,-0.098164424,-0.21932304,0.109572336,1.5073520920493386,1.5073520920493386,24.601463090289723,1.5662105239250443,1.0
14000,2.1915371,69.21428571428571,-0.13333869,-0.22192642,0.13782653,2.8494064807891846,2.8494064807891846,40.002640597025554,2.4744105622172357,1.0
15000,2.1908934,68.6875,-0.11240907,-0.24625072,0.11062248,2.4859544396400453,2.4859544396400453,35.73208217620849,2.258910909295082,1.0
16000,2.1910484,40.16,-0.11096612,-0.26332846,0.11960361,1.1204255771636964,1.1204255771636964,26.676214179992677,1.5701742601394653,1.0
17000,2.1915627,47.35,-0.046406295,-0.17636275,0.13199304,1.3938160628080367,1.3938160628080367,27.063393580913544,1.6999183628708123,1.0
18000,2.1911569,64.0,-0.073337056,-0.13306496,0.126788,2.5691493207758125,2.5691493207758125,36.24756908416748,2.188176155090332,1.0
19000,2.1909504,105.16666666666667,-0.1975643,-0.14871627,0.06188281,0.812102422118187,0.812102422118187,53.13639563322067,5.311851098202169,1.0
20000,2.1914165,90.18181818181819,-0.17994447,-0.34372073,0.12623292,7.485891323197972,7.485891323197972,52.87128233909607,2.851502490991896,1.0
21000,2.1855924,47.04761904761905,0.023777898,0.0790819,0.1875962,1.1294179260730743,1.1294179260730743,21.309187094370525,1.3574507431614966,1.0
22000,2.1750503,66.44444444444444,0.09038957,0.46129847,0.32332247,3.487385438548194,3.487385438548194,18.9840697977278,1.1901796766453319,1.0
23000,2.1706092,146.5,0.04565581,0.60175246,0.33253708,10.547948411532811,10.547948411532811,39.78523131779262,2.4449112904923305,1.0
24000,2.173551,89.0,0.07771486,0.60711145,0.3278131,7.445192240751707,7.445192240751707,23.474003539635586,1.6549061834812164,1.0
25000,2.1733372,101.4,0.06709056,0.5729693,0.32151768,8.542506569623947,8.542506569623947,26.88424462080002,1.8936511892825365,1.0
26000,2.1742527,89.6923076923077,0.029326309,0.58780026,0.3455923,7.966602871815364,7.966602871815364,26.152310689290363,1.7619885639287531,1.0
27000,2.176196,89.4,0.12057056,0.49374312,0.3184542,5.878097496249459,5.878097496249459,23.425950288772583,1.716479216786948,1.0
28000,2.171199,106.44444444444444,0.027738405,0.4648564,0.32184902,8.177513427204556,8.177513427204556,27.276482264200848,1.7971367902225919,1.0
29000,2.1735642,99.6,-0.0058009764,0.5364514,0.33875334,8.320269584655762,8.320269584655762,24.200739014148713,1.7052154943346978,1.0
30000,2.1725624,76.92857142857143,-0.026689483,0.57906175,0.3473313,6.01310480137666,6.01310480137666,19.56811360021432,1.3455278376592712,1.0
31000,2.165253,88.6,0.009095425,0.6645701,0.31899446,5.802283254536715,5.802283254536715,23.66717025908557,1.5084422463551164,1.0
32000,2.1364698,111.83333333333333,0.19720328,1.1725042,0.42530847,7.946377328463963,7.946377328463963,17.954529847417557,1.4505028171198708,1.0
33000,2.1361384,130.625,0.11220954,1.2623332,0.41483837,13.71122644841671,13.71122644841671,20.934612046927214,1.261046753730625,1.0
34000,2.1439197,177.83333333333334,0.26052806,1.1472776,0.41901058,17.118375957012177,17.118375957012177,28.74349598089854,1.984622438127796,1.0
35000,2.139625,115.4,0.24554928,1.2202739,0.4663474,12.881320238113403,12.881320238113403,18.898004902733696,1.2595160065425768,1.0
36000,2.1470191,264.0,0.33556813,1.0461669,0.4409131,21.413466612497967,21.413466612497967,29.692111015319824,2.015734722216924,1.0
37000,2.1423786,212.57142857142858,0.25074106,1.1278821,0.43972555,24.522899636200496,24.522899636200496,34.19801981960024,2.212042993791069,1.0
38000,2.1418915,137.33333333333334,0.17238301,1.2180237,0.4429802,15.140563825766245,15.140563825766245,22.30181767543157,1.5424915481513988,1.0
39000,2.143579,103.0,0.27525693,1.1099371,0.41991958,7.932202356202262,7.932202356202262,16.550742830548966,1.158546544611454,1.0
40000,2.1457186,185.14285714285714,0.27809638,1.04859,0.44396105,22.326112610953196,22.326112610953196,30.534334761755808,2.2235512668183737,1.0
41000,2.1350415,136.0,0.1250354,1.1831573,0.4613019,14.468506887555122,14.468506887555122,21.923798825591803,1.5999930522375507,1.0
42000,2.1205914,227.0,0.12856752,1.4657856,0.5110453,21.6362380584081,21.6362380584081,26.56197961171468,10.474401637911797,1.0
43000,2.1018465,133.85714285714286,0.49158853,1.6215296,0.477396,10.554140738078527,10.554140738078527,18.191298586981638,0.8273681885163698,1.0
44000,2.1144216,328.0,0.61107254,1.539976,0.49796632,45.8369490702947,45.8369490702947,31.8816659450531,2.7225310827294984,1.0
45000,2.1097684,181.28571428571428,0.414838,1.64912,0.49026194,21.117817180497305,21.117817180497305,17.665749864918844,1.4636047070962377,1.0
46000,2.113837,94.33333333333333,0.6129712,1.4652878,0.49366894,11.354418834050497,11.354418834050497,10.334512710571289,0.7106784482796987,1.0
47000,2.1114078,481.0,0.63994455,1.4825438,0.50133204,63.21094024181366,63.21094024181366,43.638837814331055,4.079306982457638,1.0
48000,2.1178954,339.75,0.485347,1.5111609,0.4593847,44.69232828915119,44.69232828915119,32.592008143663406,2.7813651212491095,1.0
49000,2.1049273,149.0,0.478152,1.5757965,0.49617654,14.424600958824158,14.424600958824158,14.996031373739243,1.1661010598763824,1.0
50000,2.1111734,251.0,0.58860356,1.6365075,0.511656,34.41356199234724,34.41356199234724,22.988268733024597,2.07673612004146,1.0
51000,2.1062198,270.3333333333333,0.58631176,1.5619376,0.4888345,33.67352763811747,33.67352763811747,25.105437517166138,2.304526686668396,1.0
52000,2.0795336,209.0,0.55079406,1.7895719,0.507395,27.198296308517456,27.198296308517456,18.40827877322833,1.5808124234899879,1.0
53000,2.0784953,172.2,0.8734166,1.8620298,0.5319377,22.669344663619995,22.669344663619995,10.360669207572936,0.7947952523827553,1.0
54000,2.0673234,140.0,0.72754925,1.9110535,0.5032021,18.10867267847061,18.10867267847061,8.577839195728302,0.6970732547342777,1.0
55000,2.0558414,307.6,0.812786,2.0083945,0.5430351,60.43378680944443,60.43378680944443,22.41046032309532,1.7394819513428956,1.0
56000,2.0781045,124.25,0.7925391,1.9275947,0.5404029,14.141472768783569,14.141472768783569,7.132757234573364,0.5656130036339164,1.0
57000,2.0632691,417.6666666666667,0.72527534,1.9121598,0.5029959,65.60422178109486,65.60422178109486,25.236845195293427,2.311745429445485,1.0
58000,2.0747373,379.0,0.76552904,1.8346177,0.51324683,56.16101014614105,56.16101014614105,20.098858922719955,1.82767753303051,1.0
59000,2.0625873,427.5,0.863201,1.8142897,0.5160194,127.03169059753418,127.03169059753418,46.196930170059204,4.174959450960159,1.0
60000,2.068852,866.0,0.8856375,1.884266,0.5402634,63.05029380321503,63.05029380321503,28.09163522720337,2.3193981498479843,1.0
61000,2.0781682,360.5,0.86600447,1.7862154,0.5133307,64.72453467051189,64.72453467051189,21.812862555185955,2.4623542577028275,1.0
62000,2.0661163,196.2,0.86402804,1.9033909,0.52402043,27.84903625647227,27.84903625647227,11.718556448817253,1.0849198350527633,1.0
63000,2.0269012,291.0,1.0896635,2.1069984,0.5256418,45.69171676039696,45.69171676039696,10.723297029733658,1.1192200828809291,1.0
64000,2.022307,676.0,1.1100113,2.068925,0.5129506,113.36767840385437,113.36767840385437,19.799555778503418,2.359883651137352,1.0
65000,2.0333774,655.5,0.95599794,2.078173,0.51161873,118.21254134178162,118.21254134178162,17.251612566411495,1.896481788251549,1.0
66000,2.021194,542.0,0.9938396,2.115052,0.51915914,94.4159562587738,94.4159562587738,13.291761338710785,1.7327483026310802,1.0
67000,2.0434105,614.5,1.1291597,1.9781146,0.50519997,108.21966022253036,108.21966022253036,16.21210014820099,1.8659154810011387,1.0
68000,2.030279,369.5,1.1201388,1.9348772,0.4965254,63.45649936795235,63.45649936795235,9.809972539544106,1.1104411548003554,1.0
69000,2.0370321,335.0,1.0274348,1.9897476,0.50647044,53.74749445915222,53.74749445915222,10.023320396741232,1.1007494162768126,1.0
70000,2.0385077,332.5,1.148738,1.9675306,0.5126361,58.4774603843689,58.4774603843689,8.006828546524048,0.8512745457701385,1.0
71000,2.030659,209.0,1.0935391,2.0971482,0.52743715,31.939117829004925,31.939117829004925,4.799442460139592,0.7563313873106381,1.0
72000,2.0236206,498.5,1.1122905,1.9769229,0.51103514,84.16671645641327,84.16671645641327,11.714268624782562,1.7322990717366338,1.0
73000,1.9959524,442.3333333333333,1.5159785,2.018179,0.47818992,79.47872837384541,79.47872837384541,8.64763938387235,1.2978667846570413,1.0
74000,1.9865688,421.0,1.5448277,2.05276,0.48366985,72.90267872810364,72.90267872810364,6.451447010040283,1.1112266555428505,1.0
75000,1.9798611,565.0,1.5179065,2.1017761,0.48053253,109.36648273468018,109.36648273468018,7.306578278541565,0.9323103167116642,1.0
76000,1.9966495,702.0,1.4819937,2.140682,0.49812323,128.12419748306274,128.12419748306274,9.500129610300064,1.583411380648613,1.0
77000,1.9923779,593.0,1.5112469,2.0351772,0.4735911,117.90120792388916,117.90120792388916,8.262687087059021,0.7473631743341684,1.0
78000,1.9759752,566.0,1.4926482,2.1176314,0.47508156,109.84384822845459,109.84384822845459,6.979507923126221,0.9993034973740578,1.0
79000,1.9966604,465.5,1.1353421,1.9254148,0.4164537,89.84798628091812,89.84798628091812,6.439859297126532,0.8581033344380558,1.0
80000,2.0383582,279.0,1.5819597,1.7759875,0.48894042,43.38090571761131,43.38090571761131,4.320657849311829,0.912085653282702,1.0
81000,1.9526771,505.6666666666667,1.4054,2.1161642,0.46557653,28.659846762816112,28.659846762816112,7.069629579782486,3.797740944874628,1.0
82000,1.9714589,None,1.4498359,2.1524026,0.4895455,None,None,None,None,1.0
83000,1.9428365,999.0,1.7789309,2.091282,0.4486618,205.53651428222656,205.53651428222656,11.601981610059738,1.5744624845683575,1.0
84000,1.9293447,749.0,1.7091309,2.0853689,0.44044322,152.4580028851827,152.4580028851827,8.627890507380167,1.2224219475950424,1.0
85000,1.9244169,None,1.8916072,2.1133094,0.44762138,None,None,None,None,1.0
86000,1.9349709,None,1.9088078,2.0891986,0.44905668,None,None,None,None,1.0
87000,1.9391494,627.0,1.9019536,2.0405636,0.4476111,168.56203734874725,168.56203734874725,6.783351585268974,0.8511602185899392,1.0
88000,1.9440255,223.25,1.7674947,2.0885632,0.4663827,33.12382552623749,33.12382552623749,2.0667731404304504,0.25347777754068374,1.0
89000,1.9581175,178.0,1.5926431,2.0772917,0.47650337,31.92070468266805,31.92070468266805,1.899671372026205,0.2708577592857182,1.0
90000,1.9372433,673.0,1.907175,2.0392182,0.44419613,150.09640216827393,150.09640216827393,5.846561014652252,0.7840328402817249,1.0
91000,1.9373261,750.5,1.8406391,2.0526354,0.45831344,153.90724956989288,153.90724956989288,7.116801291704178,1.011256294324994,1.0
92000,1.9454862,431.3333333333333,1.8153363,2.0261874,0.44852835,86.8157434463501,86.8157434463501,4.394226511319478,0.6324467075367769,1.0
93000,1.8905683,315.6666666666667,1.772278,1.9944596,0.4185564,62.96509059270223,62.96509059270223,2.994935378432274,0.4375315868431547,1.0
94000,1.8850712,352.0,2.1353924,1.9983065,0.43120465,75.45249656836192,75.45249656836192,2.8176448543866477,0.41777228855062276,1.0
95000,1.8804487,225.75,2.2840896,1.9884013,0.41395658,46.7502002120018,46.7502002120018,1.9428966864943504,0.2112484296085313,1.0
96000,1.8924721,383.0,2.3252192,2.0126162,0.41694057,78.02830791473389,78.02830791473389,3.8048079311847687,0.3322805017232895,1.0
97000,1.8785074,550.0,2.020839,2.0108163,0.46053907,123.55462805430095,123.55462805430095,4.338931979611516,0.5904045589656258,1.0
98000,1.8875202,190.5,2.242925,1.979228,0.41262162,60.29471242427826,60.29471242427826,2.063966155052185,0.2050172396702692,1.0
99000,1.8891361,None,2.267714,1.9968381,0.4198566,21.050628662109375,21.050628662109375,1.1682758927345276,0.09774995967745781,1.0
100000,1.8970866,999.0,2.3023381,1.9241703,0.40337428,228.32521057128906,228.32521057128906,7.157819248735905,1.0542412991635501,1.0
101000,1.8851818,799.0,2.2503014,1.963352,0.4273179,177.48220920562744,177.48220920562744,6.669907927513123,1.6751874648034573,1.0
102000,1.8868752,399.0,2.0572267,1.937789,0.416688,85.46126675605774,85.46126675605774,3.507979452610016,0.3297965582460165,1.0
103000,1.8883258,999.0,1.8575208,1.8025615,0.34389156,197.82014147937298,197.82014147937298,7.203081794083118,0.9816566007211804,1.0
104000,1.8396279,322.0,1.9460299,1.8952265,0.42843717,46.61510503292084,46.61510503292084,4.431492373347282,0.221365723060444,1.0
105000,1.8647692,999.0,2.388143,1.8067846,0.37537843,-0.8835720643401146,-0.8835720643401146,20.50729477405548,8.99860036186874,1.0
106000,1.8145016,584.6666666666666,2.7458582,1.8707328,0.38376328,138.33540666103363,138.33540666103363,3.690054975450039,0.30272722663357854,1.0
107000,1.8439038,376.0,2.873532,1.8954419,0.3799339,84.96362400054932,84.96362400054932,2.5899980068206787,0.4327994603663683,1.0
108000,1.8326567,495.6666666666667,2.766072,1.8613865,0.38119277,56.781936168670654,56.781936168670654,1.6436222046613693,0.08861659397371113,1.0
109000,1.8411909,632.0,2.8005238,1.8701589,0.38057867,182.09898670514426,182.09898670514426,4.408689364790916,0.3994010407477617,1.0
110000,1.8399359,None,2.8142378,1.8428504,0.37456182,None,None,None,None,1.0
111000,1.8438193,882.0,2.7213922,1.8452224,0.37509876,208.12885093688965,208.12885093688965,5.340709686279297,0.5152482558041811,1.0
112000,1.8429699,999.0,2.6971812,1.8030922,0.37890413,240.72052097320557,240.72052097320557,5.7617436200380325,0.6117447805590928,1.0
113000,1.8369772,326.0,2.6791563,1.833206,0.38207123,73.99554228782654,73.99554228782654,1.9344093799591064,0.17468155836104415,1.0
114000,1.775443,547.5,3.3711119,1.7370778,0.34142038,125.01830339431763,125.01830339431763,3.751518949866295,0.950691811973229,1.0
115000,1.771642,999.0,3.4394093,1.7392476,0.33752036,237.24460697174072,237.24460697174072,5.6245632618665695,0.5584095353260636,1.0
116000,1.784127,999.0,3.4405534,1.7438301,0.34018877,250.38930225372314,250.38930225372314,5.5269937962293625,0.34731920901685953,1.0
117000,1.7502428,999.0,3.4562716,1.7526481,0.33355275,248.07556915283203,248.07556915283203,5.335865527391434,0.48378329491242766,1.0
118000,1.799468,999.0,3.3108273,1.7078923,0.33690363,258.85010719299316,258.85010719299316,5.080913752317429,0.31930512096732855,1.0
119000,1.750127,496.6666666666667,3.2145402,1.7823316,0.35983497,123.61209825674693,123.61209825674693,2.7590494404236474,0.25069683042238466,1.0
120000,1.7917798,None,3.3211737,1.6968464,0.33212885,None,None,None,None,1.0
121000,1.767867,624.0,3.3920138,1.7354045,0.33202705,153.77133798599243,153.77133798599243,3.3226534575223923,0.36664803558960557,1.0
122000,1.7651815,999.0,3.3190558,1.7136958,0.3318624,249.77224826812744,249.77224826812744,5.307694852352142,0.3704234263859689,1.0
123000,1.768515,522.5,3.3125734,1.7307609,0.33876133,127.91020488739014,127.91020488739014,2.9107381477952003,0.22186092846095562,1.0
124000,1.7137283,None,3.972396,1.6509047,0.30162612,None,None,None,None,1.0
125000,1.7121828,873.0,4.217645,1.6332371,0.29329187,229.8087863922119,229.8087863922119,4.705325439572334,0.1962518491782248,1.0
126000,1.7246491,999.0,4.0942745,1.6017957,0.29223686,260.85881662368774,260.85881662368774,4.989926591515541,0.2919506642501801,1.0
127000,1.7260257,None,4.2331233,1.6248399,0.29266644,None,None,None,None,1.0
128000,1.7449511,999.0,4.083749,1.6035244,0.28916293,259.93392753601074,259.93392753601074,4.985302492976189,0.2453935833182186,1.0
129000,1.7261038,999.0,4.0768642,1.6034852,0.29229638,264.59753370285034,264.59753370285034,5.1182475462555885,0.26728835981339216,1.0
130000,1.709626,None,4.0473237,1.5957937,0.29338408,None,None,None,None,1.0
131000,1.7279438,902.0,3.8676088,1.5850284,0.2872228,237.41873025894165,237.41873025894165,4.770879030227661,0.22658042330294847,1.0
132000,1.7433438,667.6666666666666,3.9886904,1.6135688,0.29806527,170.73038377364477,170.73038377364477,3.4991062382857003,0.2420183508656919,1.0
133000,1.7104716,309.0,3.9478297,1.5866957,0.2935728,74.68648099899292,74.68648099899292,1.6443539261817932,0.1378928495105356,1.0
134000,1.7027272,999.0,4.439373,1.5342667,0.2700925,266.85060024261475,266.85060024261475,4.9174435287714005,0.22492916090413928,1.0
135000,1.7003858,None,4.836386,1.4813023,0.25079864,None,None,None,None,1.0
136000,1.6867096,999.0,4.814777,1.4848121,0.25220397,266.15425300598145,266.15425300598145,4.940577730536461,0.25809960305923596,1.0
137000,1.6790261,999.0,4.89579,1.4899107,0.25437504,261.98734760284424,261.98734760284424,4.9785463362932205,0.2875822065398097,1.0
138000,1.7166215,195.5,4.6689773,1.4975281,0.2758121,47.648921489715576,47.648921489715576,1.369058758020401,0.35125081543810666,1.0
139000,1.6755103,999.0,4.788081,1.4755373,0.25004023,267.7671284675598,267.7671284675598,5.022145688533783,0.219644341384992,1.0
140000,1.6989645,None,4.751892,1.4713383,0.24863198,None,None,None,None,1.0
141000,1.683636,999.0,4.8702984,1.48937,0.2571572,269.97543144226074,269.97543144226074,4.888066858053207,0.22811647807247937,1.0
142000,1.7017591,999.0,4.72181,1.4693309,0.24758345,271.1292896270752,271.1292896270752,5.03215691447258,0.25813545926939696,1.0
143000,1.7109323,None,4.6776586,1.4844465,0.25653803,None,None,None,None,1.0
144000,1.7078613,772.6666666666666,4.755487,1.4582719,0.25366774,204.14850234985352,204.14850234985352,4.377724076310794,0.31150827184319496,1.0
145000,1.6859382,None,5.669338,1.3673861,0.22538227,None,None,None,None,1.0
146000,1.670973,683.0,5.57598,1.3521398,0.21477973,184.26038932800293,184.26038932800293,3.1842126548290253,0.15249808318912983,1.0
147000,1.6750312,999.0,5.582491,1.3562889,0.21858294,275.33165550231934,275.33165550231934,4.672674059867859,0.27027789782732725,1.0
148000,1.6683611,105.0,5.454535,1.3534067,0.21082065,20.91090154647827,20.91090154647827,1.0555225610733032,0.09096678718924522,1.0
149000,1.6698518,999.0,5.3427744,1.3618139,0.22069398,270.17112922668457,270.17112922668457,4.671657577157021,0.1887666340917349,1.0
150000,1.7112979,645.6666666666666,5.327213,1.3670359,0.22420806,169.9479840596517,169.9479840596517,2.9964484373728433,0.2123893714354684,1.0
151000,1.6759102,None,5.5454106,1.3554486,0.22250745,None,None,None,None,1.0
152000,1.6937573,None,5.5472803,1.3578779,0.21877824,None,None,None,None,1.0
153000,1.6888723,999.0,5.247949,1.367371,0.22229803,270.33594449361163,270.33594449361163,4.46069477001826,0.2535125520080328,1.0
154000,1.6604866,None,5.4624715,1.364435,0.22086707,None,None,None,None,1.0
155000,1.6642389,None,6.139743,1.2475356,0.18993464,None,None,None,None,1.0
156000,1.676951,999.0,6.0800037,1.2501506,0.18667495,271.5790723164876,271.5790723164876,4.445930495858192,0.2423244883927206,1.0
157000,1.6521326,None,6.227387,1.2331142,0.18567865,None,None,None,None,1.0
158000,1.6711808,None,6.1030736,1.2419007,0.18959656,None,None,None,None,1.0
159000,1.6661335,999.0,6.1174035,1.2473252,0.1862315,274.4538167317708,274.4538167317708,4.250105768442154,0.20785648212768137,1.0
160000,1.661341,None,6.121966,1.2409527,0.18830426,None,None,None,None,1.0
161000,1.6784294,None,6.077683,1.2404906,0.1913659,None,None,None,None,1.0
162000,1.6720101,999.0,5.888345,1.2478437,0.18753771,275.14448897043866,275.14448897043866,4.278631339470546,0.21803742926567793,1.0
163000,1.6754105,525.0,5.844445,1.2550628,0.19604409,135.99963355064392,135.99963355064392,3.1610600501298904,0.18738799379207194,1.0
164000,1.7365785,281.75,4.663263,1.2179664,0.25616288,58.49201261997223,58.49201261997223,1.9171730652451515,1.0356720383279026,1.0
165000,1.6906936,999.0,6.4603624,1.1807272,0.17536001,269.66042709350586,269.66042709350586,4.516511857509613,0.30780212744139135,1.0
166000,1.6333634,None,6.84844,1.1284214,0.16049808,None,None,None,None,1.0
167000,1.6556376,985.5,6.764012,1.1490961,0.17005178,272.64605259895325,272.64605259895325,3.996362503618002,0.1671223690500483,1.0
168000,1.6822777,999.0,6.6710205,1.139292,0.16286823,276.35216903686523,276.35216903686523,3.7317259162664413,0.22889196290634573,1.0
169000,1.6753775,None,6.7557373,1.1433827,0.16439626,None,None,None,None,1.0
170000,1.6890428,954.0,6.488147,1.1591729,0.17705572,262.1661356687546,262.1661356687546,3.9067000448703766,0.229223471484147,1.0
171000,1.6498458,749.0,6.6585903,1.1443931,0.1657354,273.7242364883423,273.7242364883423,4.034633934497833,0.25691527128219604,1.0
172000,1.6632988,422.0,6.546356,1.1701319,0.17239168,122.9863657951355,122.9863657951355,2.172363556921482,0.17588747548870742,1.0
173000,1.6902963,339.0,5.824672,1.197498,0.21499023,80.90378022193909,80.90378022193909,1.9066052660346031,0.30255420453613624,1.0
174000,1.6460277,653.0,6.390098,1.1620456,0.17726986,172.9538586139679,172.9538586139679,2.887115031480789,0.1481112795881927,1.0
175000,1.6348985,487.6666666666667,6.6338096,1.1238952,0.17101766,128.25250053405762,128.25250053405762,2.155630732576052,0.17169283097609878,1.0
176000,1.6280979,677.5,7.047774,1.059086,0.15301932,186.546808719635,186.546808719635,2.8523581996560097,0.14092229784000665,1.0
177000,1.6220115,None,7.2397294,1.0556164,0.1427304,None,None,None,None,1.0
178000,1.637502,999.0,7.171996,1.0534625,0.14616899,279.89310932159424,279.89310932159424,4.129906937479973,0.16914373193867505,1.0
179000,1.6140848,932.5,7.1668277,1.0464863,0.14805803,259.24437856674194,259.24437856674194,3.805947259068489,0.140391661436297,1.0
180000,1.6112617,None,7.1958857,1.0538666,0.14542937,None,None,None,None,1.0
181000,1.6276326,999.0,7.2413225,1.0416815,0.14335367,278.36629486083984,278.36629486083984,4.032379612326622,0.15533178485929966,1.0
182000,1.6310856,999.0,6.870474,1.0708772,0.15175706,280.2029638290405,280.2029638290405,3.995331756770611,0.12511099816765636,1.0
183000,1.6112388,None,7.115781,1.0558472,0.14741203,None,None,None,None,1.0
184000,1.6277757,999.0,7.0373273,1.0622731,0.15204655,278.786732673645,278.786732673645,4.034424901008606,0.1761614796705544,1.0
185000,1.6288505,675.6666666666666,6.982375,1.0682501,0.15191217,183.28169663747153,183.28169663747153,3.0425913333892822,0.3125857449291895,1.0
186000,1.5974023,None,7.679021,0.9680588,0.12771197,None,None,None,None,1.0
187000,1.6114165,999.0,7.760413,0.9752468,0.13080274,277.5465564727783,277.5465564727783,3.955300599336624,0.1404829379171133,1.0
188000,1.6152858,999.0,7.588318,0.9828848,0.1320906,280.63311100006104,280.63311100006104,3.926436260342598,0.18917110818438232,1.0
189000,1.5993838,None,7.656982,0.9713955,0.13176377,None,None,None,None,1.0
190000,1.5843604,999.0,7.72441,0.97722125,0.13107674,280.6445713043213,280.6445713043213,3.98223814368248,0.22507888404652476,1.0
191000,1.5875413,999.0,7.688955,0.97915727,0.12883577,279.60321712493896,279.60321712493896,3.9744279980659485,0.15823370235739276,1.0
192000,1.6002597,None,7.6331625,0.9801885,0.12841982,None,None,None,None,1.0
193000,1.6033593,999.0,7.6444345,0.97940373,0.12546454,280.37036991119385,280.37036991119385,3.8624274283647537,0.12981378799304366,1.0
194000,1.5985397,999.0,7.556899,0.9895008,0.13021532,278.861967086792,278.861967086792,4.211605340242386,0.156916665378958,1.0
195000,1.62275,435.0,7.4667773,0.9795771,0.13223463,118.59428024291992,118.59428024291992,1.7618484795093536,0.1283264155499637,1.0
196000,1.5792637,999.0,8.281447,0.9147634,0.114122495,279.72600746154785,279.72600746154785,3.8884262442588806,0.22649162192828953,1.0
197000,1.581926,999.0,8.298388,0.90957105,0.11187899,279.9577465057373,279.9577465057373,3.9949219673871994,0.15564384940080345,1.0
198000,1.5816956,999.0,8.204579,0.9122454,0.109899595,281.8813257217407,281.8813257217407,4.0625563859939575,0.1431194960605353,1.0
199000,1.5941917,999.0,8.3646145,0.9027037,0.11007245,279.9134998321533,279.9134998321533,3.98073410987854,0.19198606815189123,1.0
200000,1.5804969,999.0,8.271085,0.9143369,0.112936094,280.1242733001709,280.1242733001709,4.007599577307701,0.17926038592122495,1.0
201000,1.6034149,999.0,8.237742,0.909184,0.10976813,281.8771343231201,281.8771343231201,4.071883782744408,0.1445517789106816,1.0
202000,1.5630416,999.0,8.372074,0.90080655,0.108183324,281.9308490753174,281.9308490753174,3.834142729640007,0.12371927930507809,1.0
203000,1.5846044,999.0,8.281721,0.8966968,0.10834035,283.46512603759766,283.46512603759766,3.91977721452713,0.12764317076653242,1.0
204000,1.5835134,999.0,8.134365,0.9182229,0.1111942,279.4193868637085,279.4193868637085,3.976409927010536,0.20324874913785607,1.0
205000,1.5930159,999.0,8.294942,0.9104656,0.1096666,280.01103687286377,280.01103687286377,3.7538588792085648,0.1792297177016735,1.0
206000,1.5896336,999.0,8.5433445,0.8737135,0.10427917,281.55996227264404,281.55996227264404,4.065431088209152,0.15159192704595625,1.0
207000,1.5844356,999.0,8.9220495,0.843066,0.092841074,280.13500595092773,280.13500595092773,3.6886461824178696,0.14619174879044294,1.0
208000,1.5621005,594.0,8.98208,0.8414384,0.09758723,167.6079216003418,167.6079216003418,2.120463438332081,0.0952293744776398,1.0
209000,1.5620823,999.0,8.923298,0.8427905,0.09630887,284.1665687561035,284.1665687561035,3.9096195101737976,0.1274030120112002,1.0
210000,1.5649793,None,8.823551,0.8472258,0.09824613,None,None,None,None,1.0
211000,1.5921772,894.3333333333334,8.944984,0.8408101,0.09488184,251.9512357711792,251.9512357711792,3.317959244052569,0.13951999228447676,1.0
212000,1.5609081,None,8.655828,0.87875485,0.10823638,None,None,None,None,1.0
213000,1.560627,None,8.994125,0.83943,0.0943245,None,None,None,None,1.0
214000,1.5892129,999.0,8.890298,0.8368272,0.09082626,281.5247519810994,281.5247519810994,3.719101677338282,0.1597135643629978,1.0
215000,1.5624466,None,8.800411,0.85864365,0.098186985,None,None,None,None,1.0
216000,1.549246,None,9.038676,0.826286,0.08772318,None,None,None,None,1.0
217000,1.5274137,999.0,9.453007,0.7859537,0.07788619,282.75954659779865,282.75954659779865,3.773477792739868,0.12678354470214495,1.0
218000,1.5633293,None,9.292284,0.7975899,0.080002755,None,None,None,None,1.0
219000,1.5487579,None,9.371992,0.79468775,0.080913484,None,None,None,None,1.0
220000,1.5573502,999.0,9.211739,0.80446494,0.08405651,282.60298506418866,282.60298506418866,3.7587872495253882,0.13550266196640828,1.0
221000,1.5659839,None,9.186935,0.8001562,0.08426514,None,None,None,None,1.0
222000,1.5511239,None,9.258947,0.793196,0.08211783,None,None,None,None,1.0
223000,1.5848442,999.0,9.242421,0.80372953,0.08400869,282.4166723887126,282.4166723887126,3.7428461040059724,0.15639550514363995,1.0
224000,1.5612708,None,9.147629,0.80447775,0.082144566,None,None,None,None,1.0
225000,1.5821494,736.0,9.103618,0.8097428,0.08525565,203.28439569473267,203.28439569473267,2.7503628730773926,0.19106078008189797,1.0
226000,1.5755925,894.0,9.250861,0.82550335,0.08870146,250.41729056835175,250.41729056835175,3.3021893948316574,0.17575064256743644,1.0
227000,1.5388706,None,9.725647,0.7388925,0.06933059,None,None,None,None,1.0
228000,1.5820849,999.0,9.576666,0.7479259,0.0749944,283.918420791626,283.918420791626,3.1237115561962128,0.11838756152428687,1.0
229000,1.53362,959.0,9.599591,0.76157385,0.073317446,266.5386791229248,266.5386791229248,3.4145081639289856,0.19799149136815686,1.0
230000,1.5570732,None,9.803434,0.72795475,0.06477696,None,None,None,None,1.0
231000,1.5471171,999.0,9.670289,0.74898374,0.07662678,283.64656925201416,283.64656925201416,3.3277503028512,0.20465520792640746,1.0
232000,1.5454224,999.0,9.634139,0.7475107,0.07312749,283.8169403076172,283.8169403076172,3.755605824291706,0.22422607406042516,1.0
233000,1.5309824,None,9.751824,0.73729664,0.07099896,None,None,None,None,1.0
234000,1.5441581,999.0,9.61081,0.75001717,0.06824021,283.84339332580566,283.84339332580566,3.463289849460125,0.13820792944170535,1.0
235000,1.5422928,999.0,9.479107,0.7666322,0.07266329,282.5614972114563,282.5614972114563,3.1980825066566467,0.15152962028514594,1.0
236000,1.5362836,486.0,9.753061,0.7434875,0.07088092,134.33038234710693,134.33038234710693,1.8301541954278946,0.10734354052692652,1.0
237000,1.5389699,999.0,9.878187,0.71966505,0.06717345,281.3752431869507,281.3752431869507,3.522268444299698,0.21404230233747512,1.0
238000,1.529159,999.0,10.264284,0.6886997,0.05849494,282.2942123413086,282.2942123413086,3.38199345767498,0.14816049067303538,1.0
239000,1.5091388,999.0,10.190627,0.6869855,0.061345585,283.61287117004395,283.61287117004395,3.29905766248703,0.10048653976991773,1.0
240000,1.5347048,999.0,10.018483,0.70748556,0.06327892,284.2888984680176,284.2888984680176,3.2514797747135162,0.14601492509245872,1.0
241000,1.5170488,999.0,10.053502,0.69427603,0.059275396,284.44227504730225,284.44227504730225,3.1845705658197403,0.08843202283605933,1.0
242000,1.5344442,999.0,10.113801,0.690711,0.05958227,284.32791805267334,284.32791805267334,3.173376813530922,0.11090790294110775,1.0
243000,1.5378826,999.0,9.995007,0.706764,0.06488027,282.07938385009766,282.07938385009766,3.0348375737667084,0.1250011334195733,1.0
244000,1.5280842,999.0,10.014428,0.7120427,0.05945301,283.24545669555664,283.24545669555664,3.4810808300971985,0.1183930184924975,1.0
245000,1.5229092,999.0,10.140301,0.69778925,0.05646006,285.0888795852661,285.0888795852661,3.2849801927804947,0.10369813744910061,1.0
246000,1.5409046,999.0,9.8336315,0.7214061,0.0621071,283.9471597671509,283.9471597671509,3.39834014326334,0.1303728965576738,1.0
247000,1.5384073,999.0,10.131031,0.6983118,0.062564865,283.3409538269043,283.3409538269043,3.3213096112012863,0.15139333030674607,1.0
248000,1.4918808,999.0,10.581398,0.65132934,0.052879006,281.4664659500122,281.4664659500122,3.149306207895279,0.16536133678164333,1.0
249000,1.5347291,662.3333333333334,10.0332155,0.7067597,0.07349258,184.39016930262247,184.39016930262247,2.3433736115694046,0.10239290612904976,1.0
250000,1.5023757,None,10.533658,0.65912527,0.05538303,None,None,None,None,1.0
251000,1.5115031,None,10.655371,0.64390624,0.050631367,None,None,None,None,1.0
252000,1.5208269,999.0,10.45967,0.6576,0.05417603,283.36681429545087,283.36681429545087,3.3697367360194526,0.11436611159782235,1.0
253000,1.5113277,252.0,10.415324,0.6694609,0.05750516,67.2601375579834,67.2601375579834,0.9522629827260971,0.04707057774066925,1.0
254000,1.5289035,189.0,10.386376,0.6632252,0.059190586,45.571542739868164,45.571542739868164,0.9354267418384552,0.08215312007814646,1.0
255000,1.5341108,848.0,10.473919,0.6667339,0.056907874,239.63455963134766,239.63455963134766,2.9754620790481567,0.09992084830688934,1.0
256000,1.5003959,None,10.316738,0.6630812,0.05750475,None,None,None,None,1.0
257000,1.501992,863.0,10.805526,0.6290685,0.050687585,None,None,None,None,1.0
258000,1.5141739,999.0,10.641338,0.6511832,0.0547797,269.7919696172078,269.7919696172078,3.536070150633653,0.17820168216712773,1.0
259000,1.5033681,None,10.8216915,0.6157602,0.04354041,None,None,None,None,1.0
260000,1.5156537,None,10.868166,0.6196633,0.040524896,None,None,None,None,1.0
261000,1.5315094,999.0,10.654396,0.6301251,0.045970254,283.98738797505695,283.98738797505695,3.0793622781833014,0.13577191919709244,1.0
262000,1.5282818,None,10.697659,0.6317295,0.051228218,None,None,None,None,1.0
263000,1.5139493,807.5,10.628157,0.63446677,0.04832736,171.30460834503174,171.30460834503174,1.9204481095075607,0.15562592423520982,1.0
264000,1.5172896,999.0,10.65981,0.641309,0.043719362,284.9334306716919,284.9334306716919,3.1930620931088924,0.14260104263667017,1.0
265000,1.5234044,None,10.769577,0.6170369,0.04351782,None,None,None,None,1.0
266000,1.5376365,999.0,10.6357975,0.64022166,0.040829547,283.6285161972046,283.6285161972046,3.2607968896627426,0.1666247914545238,1.0
267000,1.5132571,999.0,10.663504,0.63381994,0.048593193,284.8368606567383,284.8368606567383,3.143571872264147,0.09335457708220929,1.0
268000,1.4947897,472.0,10.967721,0.5983851,0.048623875,129.79083633422852,129.79083633422852,1.6373891234397888,0.04615191265475005,1.0
269000,1.5184301,999.0,11.114028,0.5806608,0.03892823,284.03307247161865,284.03307247161865,2.939522035419941,0.07282791775651276,1.0
270000,1.4845097,999.0,11.199423,0.5752091,0.040203307,None,None,None,None,1.0
271000,1.5047795,999.0,10.975254,0.59400773,0.04442349,285.14195489883423,285.14195489883423,2.9609576165676117,0.08937159477500245,1.0
272000,1.5036283,524.0,10.873714,0.6099037,0.045554362,147.32098150253296,147.32098150253296,1.7148015387356281,0.08278650423744693,1.0
273000,1.5087218,749.0,11.128959,0.57834184,0.038567655,284.52210426330566,284.52210426330566,2.9941700249910355,0.11310123780276626,1.0
274000,1.5257127,999.0,10.953358,0.59960675,0.04155986,211.5431923866272,211.5431923866272,2.4003371074795723,0.11568046285538003,1.0
275000,1.4893435,429.0,11.112524,0.5901401,0.04413504,119.0582971572876,119.0582971572876,1.328342244029045,0.16795570740941912,1.0
276000,1.514697,854.0,10.715386,0.6062441,0.057597023,242.70121756196022,242.70121756196022,2.60800801217556,0.09051027632085606,1.0
277000,1.4891095,None,10.947447,0.6101243,0.04239433,None,None,None,None,1.0
278000,1.4848398,999.0,11.164856,0.5671476,0.036036782,283.96005725860596,283.96005725860596,3.2674586921930313,0.08313378202728927,1.0
279000,1.4819374,999.0,11.373942,0.5568489,0.036956783,283.94387006759644,283.94387006759644,3.0600372925400734,0.09460696397582069,1.0
280000,1.4680032,None,11.2974,0.5545792,0.036838055,None,None,None,None,1.0
281000,1.4959038,999.0,11.336508,0.56065786,0.037596878,285.21243476867676,285.21243476867676,3.275664374232292,0.08224382228218019,1.0
282000,1.4928067,999.0,11.185973,0.5722715,0.037833545,283.99043893814087,283.99043893814087,3.1940678656101227,0.09661324525950477,1.0
283000,1.5037811,None,11.296141,0.55850977,0.03645736,None,None,None,None,1.0
284000,1.5270022,999.0,11.257997,0.561391,0.03849406,284.81186962127686,284.81186962127686,2.9325924292206764,0.09559935657307506,1.0
285000,1.4996355,999.0,11.246029,0.5631076,0.033146538,286.01514291763306,286.01514291763306,3.019597828388214,0.10812641377560794,1.0
286000,1.4962807,None,11.162571,0.5694177,0.040245317,None,None,None,None,1.0
287000,1.492069,999.0,11.221404,0.5723989,0.038236175,285.87971782684326,285.87971782684326,3.200948014855385,0.117325289407745,1.0
288000,1.483199,999.0,11.535979,0.5404606,0.03129008,284.3887972831726,284.3887972831726,3.1958000883460045,0.10404442175058648,1.0
289000,1.5019305,None,11.482014,0.5492981,0.0309585,None,None,None,None,1.0
290000,1.5001681,999.0,11.315356,0.5520593,0.029108534,282.4839859008789,282.4839859008789,3.0678595528006554,0.23775642225518823,1.0
291000,1.498365,624.3333333333334,10.986218,0.59286803,0.052678686,176.16993912061056,176.16993912061056,2.085684210062027,0.07577639125520363,1.0
292000,1.4993477,None,11.54266,0.53033054,0.03166909,None,None,None,None,1.0
293000,1.499615,999.0,11.474898,0.5403835,0.02643098,283.7804346084595,283.7804346084595,3.031117260456085,0.1719782497966662,1.0
294000,1.4976782,999.0,11.48044,0.5492574,0.034223147,285.5456781387329,285.5456781387329,3.0129647850990295,0.08860451230430044,1.0
295000,1.4769112,None,11.523546,0.5354837,0.027944677,None,None,None,None,1.0
296000,1.4861349,999.0,11.530849,0.54455584,0.02818797,286.2112236022949,286.2112236022949,2.8052800595760345,0.07571104366797954,1.0
297000,1.5188935,999.0,11.313305,0.5636487,0.0316791,284.0617413520813,284.0617413520813,2.9982396215200424,0.09832883602939546,1.0
298000,1.4846114,None,11.469755,0.5400665,0.029689964,None,None,None,None,1.0
299000,1.5027639,999.0,11.620511,0.5326954,0.028946657,286.53539276123047,286.53539276123047,2.8888681903481483,0.07654021691996604,1.0
300000,1.5062488,703.3333333333334,11.394646,0.5519197,0.032872103,199.24819469451904,199.24819469451904,2.1504338309168816,0.05350230678838367,1.0
