Steps,Policy/Entropy,Environment/Episode Length,Policy/Extrinsic Value Estimate,Policy/GAIL Value Estimate,Environment/Cumulative Reward,Policy/Extrinsic Reward,Policy/GAIL Reward,Is Training
1000,2.1962526,34.107142857142854,-0.12278913,-0.10945598,0.045721088136945455,0.045721088136945455,0.0,1.0
2000,2.1966288,33.285714285714285,-0.17082913,-0.07048264,-0.39473807590979115,-0.39473807590979115,0.0,1.0
3000,2.1966314,27.352941176470587,-0.11341912,-0.048503235,-0.8411303537232535,-0.8411303537232535,0.0,1.0
4000,2.1966166,45.083333333333336,-0.14917824,-0.09995152,0.9488283473512401,0.9488283473512401,0.0,1.0
5000,2.1965816,37.07692307692308,-0.1557161,-0.02058079,0.0020865328036821806,0.0020865328036821806,0.0,1.0
6000,2.1964884,31.612903225806452,-0.13126698,-0.060526438,-0.46980515603096257,-0.46980515603096257,0.0,1.0
7000,2.1965325,40.791666666666664,-0.16775846,-0.058920123,0.41292547682921094,0.41292547682921094,0.0,1.0
8000,2.1964605,39.52,-0.1146319,-0.091917776,-0.36789416074752807,-0.36789416074752807,0.0,1.0
9000,2.1966188,31.5,-0.12503311,-0.015453833,-0.3005480964978536,-0.3005480964978536,0.0,1.0
10000,2.1965585,32.733333333333334,-0.109388255,-0.06277489,-0.28905046780904137,-0.28905046780904137,0.0,1.0
11000,2.1938205,37.916666666666664,-0.14575899,-0.1047596,0.45191264152526855,0.45191264152526855,1.0004342114925384,1.0
12000,2.1892269,54.75,-0.122763455,-0.19464894,1.5061183236539364,1.5061183236539364,2.1403303941478953,1.0
13000,2.1885004,57.166666666666664,-0.16404633,-0.18302983,2.364089240630468,2.364089240630468,2.013570912492772,1.0
14000,2.1897776,48.31578947368421,-0.15898934,-0.11628965,1.7285213313604657,1.7285213313604657,1.7910075544526702,1.0
15000,2.1881576,48.6,-0.14489953,-0.13381237,2.205237859173825,2.205237859173825,1.7784230411052704,1.0
16000,2.1888425,52.08695652173913,-0.16442062,-0.2006846,1.9600194796271946,1.9600194796271946,1.891454887535909,1.0
17000,2.1880476,35.65384615384615,-0.15433168,-0.15040794,0.38361891773011947,0.38361891773011947,1.2621108724011316,1.0
18000,2.1895995,50.9,-0.14812736,-0.14920901,1.5212223596043057,1.5212223596043057,2.2051569804445736,1.0
19000,2.1880224,42.0,-0.19301005,-0.1455938,1.0328557867070902,1.0328557867070902,1.4730346500873566,1.0
20000,2.1877265,50.3,-0.20182301,-0.21655779,1.2174278229475022,1.2174278229475022,1.7944293243810534,1.0
21000,2.1796987,45.869565217391305,-0.14820856,-0.06838703,1.0532313485940297,1.0532313485940297,1.381795278306873,1.0
22000,2.1660366,58.083333333333336,-0.050264597,0.014124657,2.9978171501840865,2.9978171501840865,0.7610362076832514,1.0
23000,2.16532,99.5,-0.05112897,0.024859868,6.807116687297821,6.807116687297821,1.710257754110816,1.0
24000,2.168282,78.2,0.0071692914,0.09486343,4.42743269963698,4.42743269963698,1.1077945401722735,1.0
25000,2.1674914,100.16666666666667,-0.064452276,0.043731328,6.163263001225212,6.163263001225212,1.4498745805837892,1.0
26000,2.1625655,63.06666666666667,-0.034327727,0.03783509,5.469547647982836,5.469547647982836,0.9924651844194159,1.0
27000,2.1690657,75.64285714285714,-0.058104485,-0.031318396,4.7328446209430695,4.7328446209430695,1.2240759343590721,1.0
28000,2.1660914,59.57142857142857,-0.07961825,0.02552881,3.970622548035213,3.970622548035213,0.9274368021371109,1.0
29000,2.1665084,63.333333333333336,-0.011715175,0.05091469,2.2741039246320724,2.2741039246320724,0.9898399331917366,1.0
30000,2.171724,106.27272727272727,-0.039477132,0.08587972,8.522674267942255,8.522674267942255,1.7809530787847259,1.0
31000,2.1542616,97.53846153846153,-0.0031516426,0.050290536,7.336832479997114,7.336832479997114,1.4572284628044476,1.0
32000,2.131342,100.16666666666667,0.31827986,0.13169722,9.842217070715767,9.842217070715767,1.000904334442956,1.0
33000,2.1290107,118.3,0.21193965,0.15540817,8.700885277986526,8.700885277986526,1.0690787710249423,1.0
34000,2.126343,83.625,0.056216307,0.021473961,7.733183993233575,7.733183993233575,1.0945184520549245,1.0
35000,2.126757,274.75,0.3363677,0.16295525,32.52530634403229,32.52530634403229,2.6378359086811543,1.0
36000,2.1304815,100.71428571428571,0.18875168,0.143104,9.012732463223594,9.012732463223594,1.1198272156928266,1.0
37000,2.1306763,156.75,0.1557716,0.1441216,16.8548800945282,16.8548800945282,1.7557717306273324,1.0
38000,2.1287093,150.28571428571428,0.16371289,0.09885889,13.974314212799072,13.974314212799072,1.4578243745490909,1.0
39000,2.1219172,146.42857142857142,0.31113857,0.12983176,9.638407921791076,9.638407921791076,1.032029415667057,1.0
40000,2.1194553,110.8,-0.021373214,0.095877364,12.039673402905464,12.039673402905464,1.2042792333910863,1.0
41000,2.1235027,145.0,0.20885055,0.16483486,13.204789447784425,13.204789447784425,1.345382061600685,1.0
42000,2.1060088,153.85714285714286,0.39311004,0.19532216,17.86693675816059,17.86693675816059,1.4196144063025713,1.0
43000,2.0744584,142.2,0.52704173,0.1756476,14.64192578792572,14.64192578792572,1.0685461938381196,1.0
44000,2.076056,146.4,0.54504085,0.16974509,17.062582051754,17.062582051754,0.9949695050716401,1.0
45000,2.0895152,213.5,0.44198316,0.19079386,25.723358194033306,25.723358194033306,1.567154137417674,1.0
46000,2.0848048,273.3333333333333,0.4724058,0.17930053,33.93016544977824,33.93016544977824,2.0755956918001175,1.0
47000,2.0860426,209.0,0.62507457,0.21216714,23.835465013980865,23.835465013980865,1.9195562079548836,1.0
48000,2.081872,232.66666666666666,0.45624465,0.16183116,29.191779375076294,29.191779375076294,1.8239922722180684,1.0
49000,2.0875685,75.5,0.5711264,0.22743538,5.929485082626343,5.929485082626343,0.7802015095949173,1.0
50000,2.0890555,328.42857142857144,0.5521973,0.20500615,44.97587677410671,44.97587677410671,2.667795093996184,1.0
51000,2.08347,178.5,0.54713905,0.1875619,27.362531423568726,27.362531423568726,1.4822216093540193,1.0
52000,2.0595534,297.25,0.72189164,0.2302522,30.21167536973953,30.21167536973953,2.2715831082314253,1.0
53000,2.0480778,None,0.9796133,0.2580785,None,None,None,1.0
54000,2.0294726,601.0,0.68319124,0.21903092,84.46215116977692,84.46215116977692,3.8243814297020435,1.0
55000,2.0250823,522.3333333333334,0.6426052,0.19423293,75.78033004204433,75.78033004204433,3.5384478053698936,1.0
56000,2.0222368,None,0.8715433,0.23456213,None,None,None,1.0
57000,2.046593,671.0,0.8858335,0.2480176,98.13508659601212,98.13508659601212,3.75716062883536,1.0
58000,2.0242367,447.5,0.86463594,0.24990371,63.98533618450165,63.98533618450165,2.5063642263412476,1.0
59000,2.0362015,323.25,0.79517895,0.2275852,43.56214624643326,43.56214624643326,2.0878571569919586,1.0
60000,2.0308423,619.0,0.90919524,0.2562832,88.67157983779907,88.67157983779907,3.6690740287303925,1.0
61000,2.028494,None,0.8766893,0.24103464,None,None,None,1.0
62000,2.002806,683.0,1.0005953,0.2588691,103.89568185806274,103.89568185806274,3.8893382102251053,1.0
63000,1.9756014,999.0,1.2689316,0.2839561,153.60859632492065,153.60859632492065,5.599625378847122,1.0
64000,1.9898714,694.3333333333334,1.3283063,0.27864555,107.79870394865672,107.79870394865672,3.7467789202928543,1.0
65000,1.9914958,402.0,1.3091145,0.2792803,64.78711756070454,64.78711756070454,1.8700843180219333,1.0
66000,1.9641526,341.3333333333333,1.2937735,0.28584576,35.88254702091217,35.88254702091217,1.0350409531383775,1.0
67000,1.9909928,474.6666666666667,1.2520679,0.28444418,80.2461907863617,80.2461907863617,2.0411438308656216,1.0
68000,1.9790713,240.5,1.3299555,0.28911704,37.590507447719574,37.590507447719574,0.985794048756361,1.0
69000,1.9872596,509.5,1.3083501,0.25942737,83.73348397016525,83.73348397016525,2.188986722379923,1.0
70000,2.006072,None,1.3974237,0.28872398,None,None,None,1.0
71000,1.9966925,469.0,1.2846208,0.28606516,77.8792234659195,77.8792234659195,1.8907321865359943,1.0
72000,1.9732646,433.6,1.2521129,0.26638043,140.26175093650818,140.26175093650818,3.4727918207645416,1.0
73000,1.9719816,None,1.6234716,0.28651917,25.93082308769226,25.93082308769226,0.5930319875478745,1.0
74000,1.9802899,516.6666666666666,1.7247334,0.27988157,87.95528097947438,87.95528097947438,1.8405311160798494,1.0
75000,1.9691786,479.0,1.6905261,0.28468364,82.56199550628662,82.56199550628662,1.3968650177121162,1.0
76000,1.9484051,999.0,1.7370518,0.2773974,177.66306495666504,177.66306495666504,2.6037813648581505,1.0
77000,1.9505746,385.5,1.7684263,0.28328913,67.75434160232544,67.75434160232544,1.2476694509387016,1.0
78000,1.9410169,742.5,1.6116084,0.28710544,126.20433735847473,126.20433735847473,2.5442884899675846,1.0
79000,1.9430122,529.0,1.6671085,0.2787871,94.87669897079468,94.87669897079468,1.592550082753102,1.0
80000,1.908295,296.0,1.649148,0.29122168,52.50534009933472,52.50534009933472,0.6874909922480583,1.0
81000,1.9582585,None,1.7073659,0.27828437,None,None,None,1.0
82000,1.9531792,636.6666666666666,1.5286403,0.27881807,113.65055561065674,113.65055561065674,1.930773176252842,1.0
83000,1.9288663,999.0,2.126708,0.2735073,190.5124626159668,190.5124626159668,2.270896153524518,1.0
84000,1.9186004,677.5,2.1715846,0.28017062,122.33311820030212,122.33311820030212,1.9753437153995037,1.0
85000,1.9337704,None,2.250202,0.27720797,None,None,None,1.0
86000,1.898192,None,2.1648536,0.27649575,None,None,None,1.0
87000,1.919676,950.0,2.1776958,0.27854115,181.78210123380026,181.78210123380026,1.9974151921148102,1.0
88000,1.9071983,745.0,2.2081616,0.27919957,137.08826732635498,137.08826732635498,1.5623748153448105,1.0
89000,1.9050947,999.0,2.1574259,0.28189898,199.43785762786865,199.43785762786865,1.76337905600667,1.0
90000,1.9002813,None,2.1440244,0.27672595,None,None,None,1.0
91000,1.889972,None,2.1401823,0.27931806,None,None,None,1.0
92000,1.908217,999.0,2.2215955,0.27417368,195.88883368174234,195.88883368174234,1.5606389939785004,1.0
93000,1.883454,999.0,2.4456594,0.26874632,193.3432035446167,193.3432035446167,1.8154839426279068,1.0
94000,1.8628963,639.0,2.8052795,0.25726953,120.0523841381073,120.0523841381073,1.4951155427843332,1.0
95000,1.839421,519.0,2.6848578,0.2536216,100.74115562438965,100.74115562438965,0.5515752783976495,1.0
96000,1.844473,None,2.8260274,0.26408926,None,None,None,1.0
97000,1.8488209,999.0,2.7906356,0.25224847,200.84796810150146,200.84796810150146,1.879541914910078,1.0
98000,1.8594556,999.0,2.7857285,0.25820416,214.71570301055908,214.71570301055908,1.0237357523292303,1.0
99000,1.8447964,999.0,2.8434825,0.26363719,204.87478613853455,204.87478613853455,1.4085495681501925,1.0
100000,1.8418187,584.6666666666666,2.7976916,0.2605536,122.2022983233134,122.2022983233134,0.9427167152365049,1.0
101000,1.8434186,None,2.7696528,0.252333,None,None,None,1.0
102000,1.8409628,685.0,2.7876222,0.26012215,143.5265760421753,143.5265760421753,0.6481077503412962,1.0
103000,1.8347961,699.0,2.8905587,0.26243466,112.70185220241547,112.70185220241547,0.8448764802888036,1.0
104000,1.8394978,612.5,3.3341792,0.24183038,124.80083227157593,124.80083227157593,1.01040271949023,1.0
105000,1.8101468,999.0,3.3719478,0.24248062,216.4834508895874,216.4834508895874,1.1025813783053309,1.0
106000,1.8056623,None,3.4139533,0.23714888,None,None,None,1.0
107000,1.8318454,689.0,3.2131848,0.2419627,148.67425537109375,148.67425537109375,0.5630313595756888,1.0
108000,1.8138044,999.0,3.3579307,0.24037161,225.12987613677979,225.12987613677979,0.9551443019881845,1.0
109000,1.8484243,921.3333333333334,3.2827473,0.23706582,193.70517444610596,193.70517444610596,0.9288827911950648,1.0
110000,1.7866082,None,3.3078406,0.24525215,227.78028774261475,227.78028774261475,1.1349627692252398,1.0
111000,1.8179384,None,3.409084,0.23566808,None,None,None,1.0
112000,1.82988,999.0,3.3086996,0.23950207,220.48529148101807,220.48529148101807,0.8687039138749242,1.0
113000,1.7909033,885.5,3.2094843,0.2149769,196.40827095508575,196.40827095508575,0.6865937789843883,1.0
114000,1.7965858,999.0,3.9409661,0.21408951,215.17007780075073,215.17007780075073,0.9898784272372723,1.0
115000,1.7402898,999.0,3.9656477,0.21567371,234.08817672729492,234.08817672729492,0.5493040629662573,1.0
116000,1.757074,None,3.909418,0.21287146,None,None,None,1.0
117000,1.7762231,999.0,3.9665606,0.2125813,226.33376836776733,226.33376836776733,0.7023627399466932,1.0
118000,1.7510735,999.0,3.9057345,0.21705627,232.43036270141602,232.43036270141602,0.49080221028998494,1.0
119000,1.7550197,630.5,3.7640169,0.20718968,145.56633114814758,145.56633114814758,0.43095727218315005,1.0
120000,1.7522936,999.0,3.9468093,0.21652943,231.71073722839355,231.71073722839355,0.6187388277612627,1.0
121000,1.7467518,None,3.860952,0.21481863,None,None,None,1.0
122000,1.7380283,None,3.8616488,0.21929461,None,None,None,1.0
123000,1.7512001,999.0,3.8678436,0.21445662,234.64379215240479,234.64379215240479,0.58597999997437,1.0
124000,1.7257234,999.0,4.254612,0.19826764,231.93255615234375,231.93255615234375,0.5772155919112265,1.0
125000,1.7011907,999.0,4.503642,0.19269401,233.48189640045166,233.48189640045166,0.6973535942379385,1.0
126000,1.7259631,None,4.485904,0.19099402,None,None,None,1.0
127000,1.7139704,None,4.25206,0.20344329,None,None,None,1.0
128000,1.7219927,999.0,4.1567106,0.18165869,239.4167504310608,239.4167504310608,0.4754598704748787,1.0
129000,1.6939157,999.0,4.4277425,0.19059247,197.91106766462326,197.91106766462326,3.7479553720913827,1.0
130000,1.7207584,704.0,4.5208163,0.18902181,173.96659684181213,173.96659684181213,0.2252917333971709,1.0
131000,1.7050577,None,4.548505,0.19355242,None,None,None,1.0
132000,1.7341602,None,4.3613224,0.19795814,None,None,None,1.0
133000,1.6980072,999.0,4.4972544,0.1928308,242.53708839416504,242.53708839416504,0.6213154741562903,1.0
134000,1.7152104,999.0,4.67805,0.18285531,246.02893114089966,246.02893114089966,0.6053350166184828,1.0
135000,1.6400679,946.0,5.0744443,0.17554373,238.26895236968994,238.26895236968994,0.36312373261898756,1.0
136000,1.6534569,None,4.9445343,0.17814526,None,None,None,1.0
137000,1.6603717,None,5.053585,0.17966494,None,None,None,1.0
138000,1.6744535,927.5,4.951006,0.17958607,230.19073021411896,230.19073021411896,0.30697423534002155,1.0
139000,1.6443523,999.0,4.9802194,0.17846712,250.91899871826172,250.91899871826172,0.26946089696139097,1.0
140000,1.6512796,999.0,5.0719433,0.1770319,251.60381174087524,251.60381174087524,0.8499225378036499,1.0
141000,1.663432,447.5,4.8376417,0.1791807,111.9902275800705,111.9902275800705,0.16300062730442733,1.0
142000,1.6587812,None,4.98363,0.1739046,None,None,None,1.0
143000,1.6700778,999.0,5.0178385,0.17494747,251.6347951889038,251.6347951889038,0.7432336218189448,1.0
144000,1.6395384,999.0,4.9176636,0.17136046,243.85072326660156,243.85072326660156,0.3602747723925859,1.0
145000,1.6126236,None,5.4347906,0.15775096,255.64071559906006,255.64071559906006,0.2697929348796606,1.0
146000,1.6535878,999.0,5.3768277,0.15732893,257.3183374404907,257.3183374404907,0.3391116029233672,1.0
147000,1.6516117,735.0,5.397587,0.15608579,190.9256534576416,190.9256534576416,0.10394440748495981,1.0
148000,1.6383978,None,5.289459,0.15866846,None,None,None,1.0
149000,1.6141355,899.0,5.3146143,0.15500323,224.9360477924347,224.9360477924347,0.6384625213686377,1.0
150000,1.6270995,None,5.368482,0.15462026,None,None,None,1.0
151000,1.6139833,999.0,5.3149505,0.15233468,260.3441162109375,260.3441162109375,0.38781498168827966,1.0
152000,1.6322639,999.0,5.3581038,0.15459648,256.29722118377686,256.29722118377686,0.531847164966166,1.0
153000,1.6252403,439.0,5.3976846,0.15374917,113.13119506835938,113.13119506835938,0.0619025673950091,1.0
154000,1.6101173,999.0,5.2145476,0.15439336,259.0271544456482,259.0271544456482,0.264511403394863,1.0
155000,1.6029171,None,5.674815,0.14444418,None,None,None,1.0
156000,1.6195699,999.0,5.680258,0.14035836,254.6724500656128,254.6724500656128,0.5418532313778996,1.0
157000,1.6026359,832.0,5.621264,0.1384085,213.70285177230835,213.70285177230835,0.3454914213507436,1.0
158000,1.5954827,526.0,5.606265,0.14399856,133.79168367385864,133.79168367385864,0.26962175499647856,1.0
159000,1.5854189,999.0,5.846839,0.14354977,263.03794860839844,263.03794860839844,0.2609494705684483,1.0
160000,1.5965251,None,5.6592913,0.14178522,None,None,None,1.0
161000,1.5988283,999.0,5.7289867,0.1419409,266.5989799499512,266.5989799499512,0.23540861497167498,1.0
162000,1.5988988,999.0,5.6489954,0.142876,262.3559331893921,262.3559331893921,0.5340446137124673,1.0
163000,1.6220622,917.5,5.729205,0.13879079,243.6227467060089,243.6227467060089,0.3852820429892745,1.0
164000,1.6234387,None,5.65458,0.13778791,None,None,None,1.0
165000,1.5660049,482.0,6.003555,0.13126865,126.73784828186035,126.73784828186035,0.04355561314150691,1.0
166000,1.5546285,999.0,6.1506853,0.1298087,259.0636110305786,259.0636110305786,0.463502723549027,1.0
167000,1.5613269,999.0,6.0691643,0.12959284,268.47737884521484,268.47737884521484,0.3988248771056533,1.0
168000,1.5598595,675.5,6.078047,0.13213715,176.72335386276245,176.72335386276245,0.09946516138734296,1.0
169000,1.5361474,None,6.0811024,0.1308301,None,None,None,1.0
170000,1.5516003,999.0,6.0549955,0.13172433,267.8755979537964,267.8755979537964,0.1053669682587497,1.0
171000,1.5477909,None,6.0547895,0.1255682,None,None,None,1.0
172000,1.5544792,999.0,5.9997673,0.1329326,264.0305337905884,264.0305337905884,0.24908896966371685,1.0
173000,1.5447645,999.0,6.0618725,0.12358932,262.51833868026733,262.51833868026733,0.19610642123734578,1.0
174000,1.5668597,None,6.1002316,0.12761982,None,None,None,1.0
175000,1.5276856,999.0,6.1733465,0.12688108,268.4368944168091,268.4368944168091,0.19080047216266394,1.0
176000,1.5251899,None,6.7499175,0.11795182,None,None,None,1.0
177000,1.5289446,999.0,6.6883364,0.11691967,273.41948413848877,273.41948413848877,0.10199953994015232,1.0
178000,1.5142617,999.0,6.633489,0.11807796,269.0912890434265,269.0912890434265,0.14316988713108003,1.0
179000,1.5160822,None,6.6480713,0.117211245,None,None,None,1.0
180000,1.5135872,887.5,6.573826,0.121726416,238.43684196472168,238.43684196472168,0.1779186027124524,1.0
181000,1.5443839,None,6.559655,0.11609867,None,None,None,1.0
182000,1.5238675,999.0,6.7638464,0.11584866,270.70417308807373,270.70417308807373,0.17525800061412156,1.0
183000,1.5371153,851.3333333333334,6.597772,0.1179486,232.36591943105063,232.36591943105063,0.2268342996443001,1.0
184000,1.522348,None,6.5793095,0.11897001,None,None,None,1.0
185000,1.5121408,999.0,6.650486,0.11796214,270.5516014099121,270.5516014099121,0.24935963534517214,1.0
186000,1.4957191,None,6.942916,0.10258734,None,None,None,1.0
187000,1.498578,837.0,6.9616737,0.104087576,226.0937237739563,226.0937237739563,0.37047710083425045,1.0
188000,1.528573,999.0,6.970593,0.103923306,273.7749991416931,273.7749991416931,0.20320779975736514,1.0
189000,1.4935349,None,7.0930467,0.103438325,None,None,None,1.0
190000,1.4882421,999.0,7.0710855,0.10391556,271.86458110809326,271.86458110809326,0.34772664605407044,1.0
191000,1.4920021,None,7.1043763,0.10166287,None,None,None,1.0
192000,1.4999489,999.0,6.9861574,0.10534313,271.32196712493896,271.32196712493896,0.18290888925548643,1.0
193000,1.4967592,999.0,7.0310955,0.10671326,276.19842195510864,276.19842195510864,0.23695529988617636,1.0
194000,1.4872556,548.0,6.9746585,0.1002163,145.92396664619446,145.92396664619446,0.39102446666220203,1.0
195000,1.4868541,None,6.9873266,0.1036737,None,None,None,1.0
196000,1.462179,None,7.31536,0.09194924,None,None,None,1.0
197000,1.4602603,999.0,7.4160585,0.087777905,271.7649335861206,271.7649335861206,0.24193834594916552,1.0
198000,1.5027068,999.0,7.268407,0.09294957,273.4133234024048,273.4133234024048,0.1457569322665222,1.0
199000,1.4849898,999.0,7.278535,0.089249186,274.9580144882202,274.9580144882202,0.41977275541285053,1.0
200000,1.4749697,None,7.404243,0.08705308,None,None,None,1.0
201000,1.4613506,None,7.390274,0.086858235,None,None,None,1.0
202000,1.4588155,999.0,7.394341,0.08639886,262.7031650543213,262.7031650543213,1.367047204868868,1.0
203000,1.4776136,999.0,7.497232,0.091128014,274.4716010093689,274.4716010093689,0.25899149116594344,1.0
204000,1.4760642,999.0,7.334692,0.089487955,276.6262879371643,276.6262879371643,0.14713029749691486,1.0
205000,1.4551244,None,7.3495574,0.09047851,None,None,None,1.0
206000,1.4543011,None,7.6448445,0.085024126,None,None,None,1.0
207000,1.4448172,999.0,7.8709097,0.08639972,278.0741844177246,278.0741844177246,0.6898590516066179,1.0
208000,1.4728984,999.0,7.8500195,0.082665525,278.1942095756531,278.1942095756531,0.1956425532407593,1.0
209000,1.4550251,999.0,7.7916017,0.088174775,274.738046169281,274.738046169281,0.09874025115277618,1.0
210000,1.4304892,195.0,7.754659,0.1063836,49.337258100509644,49.337258100509644,0.03813502211494324,1.0
211000,1.454375,None,7.8924503,0.085584745,None,None,None,1.0
212000,1.4520043,999.0,7.7156467,0.08757955,275.88421154022217,275.88421154022217,0.27651093347230926,1.0
213000,1.4412035,999.0,7.650132,0.09158849,278.46639919281006,278.46639919281006,0.20365412867977284,1.0
214000,1.4323759,999.0,7.784294,0.08769126,259.90203762054443,259.90203762054443,2.797075933776796,1.0
215000,1.457607,999.0,7.702983,0.08670575,271.5831298828125,271.5831298828125,0.29438008525175974,1.0
216000,1.4200292,None,7.975492,0.08339496,None,None,None,1.0
217000,1.4070411,956.0,8.11042,0.08709208,256.0356378555298,256.0356378555298,0.29023037187289447,1.0
218000,1.4191592,999.0,8.199579,0.07795022,276.1506190299988,276.1506190299988,0.2215664497052785,1.0
219000,1.4218048,999.0,8.225566,0.08041917,276.53965759277344,276.53965759277344,0.1609378285938874,1.0
220000,1.39586,999.0,8.220978,0.08120331,277.6910591125488,277.6910591125488,0.9271585655515082,1.0
221000,1.4149117,None,8.202509,0.08190863,None,None,None,1.0
222000,1.4088452,999.0,8.174412,0.08418127,278.7692594528198,278.7692594528198,0.07962898255209439,1.0
223000,1.4181486,999.0,8.119189,0.08279681,277.9797697067261,277.9797697067261,0.17709096492035314,1.0
224000,1.3835777,999.0,8.319205,0.080773436,279.18100357055664,279.18100357055664,0.08631786936894059,1.0
225000,1.4230059,999.0,8.147399,0.081632674,279.72821140289307,279.72821140289307,0.10212581133237109,1.0
226000,1.3980778,999.0,8.27531,0.08115941,None,None,None,1.0
227000,1.3863478,None,8.61573,0.077041,281.52921295166016,281.52921295166016,0.3874214110255707,1.0
228000,1.3863926,676.6666666666666,8.559632,0.07184668,186.98685908317566,186.98685908317566,0.18918287486303598,1.0
229000,1.392098,509.0,8.744457,0.080157414,138.76742327213287,138.76742327213287,0.10022907552774996,1.0
230000,1.3894749,999.0,8.536456,0.07653232,278.3757076263428,278.3757076263428,0.11524933116743341,1.0
231000,1.3701383,None,8.576469,0.07487367,None,None,None,1.0
232000,1.3992972,999.0,8.615511,0.07563345,281.77273654937744,281.77273654937744,0.3462024752225261,1.0
233000,1.375839,709.0,8.313812,0.09001072,197.53887633482614,197.53887633482614,0.16907413387283063,1.0
234000,1.3600178,544.0,8.544451,0.077310935,151.28390407562256,151.28390407562256,0.2993834240041906,1.0
235000,1.4062442,999.0,8.554737,0.07528121,281.01019859313965,281.01019859313965,0.33246254979167134,1.0
236000,1.3920748,None,8.59592,0.073590256,None,None,None,1.0
237000,1.3816233,None,8.804188,0.07417822,None,None,None,1.0
238000,1.362784,999.0,9.032898,0.07484537,280.467098236084,280.467098236084,0.15237926346405098,1.0
239000,1.3725868,999.0,9.024376,0.074011445,282.2862606048584,282.2862606048584,0.058775084384251386,1.0
240000,1.3690698,999.0,8.854798,0.07152636,281.09196186065674,281.09196186065674,0.21100971769192256,1.0
241000,1.3633192,None,8.83515,0.07400021,None,None,None,1.0
242000,1.3743142,None,8.996872,0.07123497,None,None,None,1.0
243000,1.3904232,999.0,9.027734,0.07085805,281.60825634002686,281.60825634002686,0.14542481396347284,1.0
244000,1.3678682,999.0,8.9554405,0.075372174,273.04931640625,273.04931640625,0.4455985120148398,1.0
245000,1.3541151,999.0,9.066225,0.07562053,286.8891906738281,286.8891906738281,0.06025329825934023,1.0
246000,1.3854038,None,8.901276,0.06888065,None,None,None,1.0
247000,1.3430065,999.0,9.126556,0.06967054,None,None,None,1.0
248000,1.3488976,999.0,9.220729,0.067767836,280.252991994222,280.252991994222,0.25110694804849726,1.0
249000,1.3419843,999.0,9.231385,0.0689927,284.72589206695557,284.72589206695557,0.055533643637318164,1.0
250000,1.3791763,999.0,9.243225,0.06896358,284.66097259521484,284.66097259521484,0.1605053318780847,1.0
251000,1.3335582,None,9.201086,0.06999351,None,None,None,1.0
252000,1.3493811,None,9.110252,0.070457734,None,None,None,1.0
253000,1.3441553,999.0,9.319573,0.06996586,277.8174336751302,277.8174336751302,0.6560007006046362,1.0
254000,1.3310276,999.0,9.346913,0.06815742,285.1231355667114,285.1231355667114,0.07187727186828852,1.0
255000,1.3641411,999.0,9.371347,0.068469316,286.5790367126465,286.5790367126465,0.09981616851291619,1.0
256000,1.3300781,None,9.25249,0.06793332,None,None,None,1.0
257000,1.3402601,999.0,9.409088,0.06797038,None,None,None,1.0
258000,1.3082192,999.0,9.721385,0.06252828,283.7464367548625,283.7464367548625,0.06725636951159686,1.0
259000,1.3265717,999.0,9.667352,0.06172204,280.74245166778564,280.74245166778564,0.0548302739916835,1.0
260000,1.3325769,999.0,9.673103,0.06111696,283.1814842224121,283.1814842224121,0.04786555451573804,1.0
261000,1.3646494,None,9.604064,0.06368695,None,None,None,1.0
262000,1.3306155,None,9.7583885,0.06169247,None,None,None,1.0
263000,1.353187,999.0,9.738743,0.062065925,283.8497823079427,283.8497823079427,0.13861122102631876,1.0
264000,1.318292,999.0,9.464815,0.06422462,276.21453857421875,276.21453857421875,0.5300309583253693,1.0
265000,1.3109148,999.0,9.805422,0.0631456,280.991738319397,280.991738319397,0.12330715093412437,1.0
266000,1.3157763,None,9.750685,0.063014306,None,None,None,1.0
267000,1.3439648,None,9.740115,0.0628715,None,None,None,1.0
268000,1.3232131,993.3333333333334,9.983415,0.053200096,283.4071623484294,283.4071623484294,0.17084810566545153,1.0
269000,1.3145795,999.0,9.864262,0.058173284,282.6457862854004,282.6457862854004,0.09726339843473397,1.0
270000,1.3178359,999.0,10.076019,0.05523946,282.91851139068604,282.91851139068604,0.5038525645504706,1.0
271000,1.3274443,None,9.967131,0.053000107,None,None,None,1.0
272000,1.3201114,None,9.959665,0.053117786,None,None,None,1.0
273000,1.3275554,999.0,9.969051,0.05620964,282.4373369216919,282.4373369216919,0.28778633147400495,1.0
274000,1.3259953,999.0,9.911059,0.05424853,281.01517963409424,281.01517963409424,0.05852539687475655,1.0
275000,1.3175755,999.0,10.003972,0.05518217,280.2788496017456,280.2788496017456,0.11871583590982482,1.0
276000,1.3109661,None,10.052008,0.05430948,None,None,None,1.0
277000,1.3170128,None,10.02515,0.055936813,None,None,None,1.0
278000,1.3204672,999.0,10.136848,0.049335293,284.68521817525226,284.68521817525226,0.08127734452136792,1.0
279000,1.3293686,999.0,10.297148,0.045391813,284.48041343688965,284.48041343688965,0.04603855949244462,1.0
280000,1.3412045,999.0,10.236236,0.050459087,282.8767318725586,282.8767318725586,0.12565732758957893,1.0
281000,1.3061562,None,10.304683,0.04712474,None,None,None,1.0
282000,1.3341813,745.0,10.161087,0.055298094,209.90037870407104,209.90037870407104,0.2616876261308789,1.0
283000,1.3104724,999.0,10.291523,0.045515426,281.77373456954956,281.77373456954956,0.39446693427453283,1.0
284000,1.3301679,999.0,10.304704,0.044068076,282.3757438659668,282.3757438659668,0.4071738510392606,1.0
285000,1.3229159,999.0,10.203329,0.047232807,282.6281108856201,282.6281108856201,0.2634613082918804,1.0
286000,1.2980517,None,10.209067,0.046056904,None,None,None,1.0
287000,1.3281587,999.0,10.14253,0.045770634,280.44140243530273,280.44140243530273,0.2624341851333156,1.0
288000,1.3145417,999.0,10.478901,0.04545253,286.65093994140625,286.65093994140625,0.05952303933008807,1.0
289000,1.3041179,999.0,10.650201,0.04046858,282.6332006454468,282.6332006454468,0.07740794023266062,1.0
290000,1.3121011,999.0,10.604239,0.041987546,280.7379684448242,280.7379684448242,0.06925639483961277,1.0
291000,1.3060973,None,10.553289,0.039842207,None,None,None,1.0
292000,1.2977167,999.0,10.576476,0.039912485,284.6023139953613,284.6023139953613,0.035847021092195064,1.0
293000,1.3044757,999.0,10.625795,0.04136366,285.15679693222046,285.15679693222046,0.12753067021549214,1.0
294000,1.3047947,999.0,10.681797,0.04113902,285.17773151397705,285.17773151397705,0.03702241415157914,1.0
295000,1.27096,999.0,10.583796,0.04266494,284.3121099472046,284.3121099472046,0.03333351784385741,1.0
296000,1.2939769,None,10.623977,0.044810086,None,None,None,1.0
297000,1.2870048,999.0,10.590025,0.04163461,287.27669048309326,287.27669048309326,0.052411310374736786,1.0
298000,1.3072306,999.0,10.7156925,0.043285064,284.30724811553955,284.30724811553955,0.6970391110662604,1.0
299000,1.2964386,999.0,10.855179,0.03699248,284.5123357772827,284.5123357772827,0.040378729288931936,1.0
300000,1.2804668,999.0,10.945023,0.038534895,285.89688873291016,285.89688873291016,0.03629982614074834,1.0
301000,1.2849414,None,10.981558,0.03985931,None,None,None,1.0
302000,1.2822282,804.0,10.896655,0.03966435,226.38780760765076,226.38780760765076,0.05662542174104601,1.0
303000,1.2749417,749.0,10.880223,0.04341075,212.5178540547689,212.5178540547689,0.09942570658555876,1.0
304000,1.2882744,None,10.977449,0.039514694,None,None,None,1.0
305000,1.2862582,999.0,10.937339,0.0379225,284.4253406524658,284.4253406524658,0.06483169853163417,1.0
306000,1.2988329,None,10.895872,0.03633215,None,None,None,1.0
307000,1.2856737,999.0,10.9482155,0.03697627,289.62440395355225,289.62440395355225,0.08398449915694073,1.0
308000,1.2944562,999.0,10.8885355,0.03801066,287.72319253285724,287.72319253285724,0.036204220804696284,1.0
309000,1.2820513,None,11.063359,0.037430353,None,None,None,1.0
310000,1.273293,999.0,11.2103815,0.033622555,286.441782951355,286.441782951355,0.1839415282884147,1.0
311000,1.2658224,None,11.151489,0.031386025,None,None,None,1.0
312000,1.2616904,999.0,11.3442135,0.03394198,283.34385681152344,283.34385681152344,0.06512634758837521,1.0
313000,1.285411,999.0,11.156549,0.034692965,284.29123306274414,284.29123306274414,0.033511368533557594,1.0
314000,1.2715116,None,11.024829,0.038482215,None,None,None,1.0
315000,1.28851,999.0,11.093729,0.036027186,288.5469512939453,288.5469512939453,0.13371988202561624,1.0
316000,1.2772546,None,11.155016,0.031582054,None,None,None,1.0
317000,1.2853857,999.0,11.087832,0.033944726,285.4215726852417,285.4215726852417,0.04847308562602848,1.0
318000,1.2759401,999.0,11.179204,0.036911495,285.1446803410848,285.1446803410848,0.05623139109714733,1.0
319000,1.2599882,None,11.422439,0.029342996,None,None,None,1.0
320000,1.2719526,999.0,11.399525,0.028331883,289.1017608642578,289.1017608642578,0.07339071745809633,1.0
321000,1.2592459,None,11.40316,0.027592521,None,None,None,1.0
322000,1.2465278,999.0,11.512468,0.025583906,286.2994213104248,286.2994213104248,0.0727644225989934,1.0
323000,1.2564453,999.0,11.5205,0.03247112,287.1429621378581,287.1429621378581,0.12011070613516495,1.0
324000,1.2408235,None,11.385483,0.030998418,None,None,None,1.0
325000,1.2825346,999.0,11.420641,0.02734201,285.13512134552,285.13512134552,0.047703917167382315,1.0
326000,1.2460922,None,11.479197,0.028568998,None,None,None,1.0
327000,1.2682279,917.5,11.270827,0.043303106,263.3191570043564,263.3191570043564,0.08538312933524139,1.0
328000,1.2526146,999.0,11.4695,0.029570295,285.6631717681885,285.6631717681885,0.8186284458497539,1.0
329000,1.2460337,None,11.576017,0.030653689,None,None,None,1.0
330000,1.2697911,999.0,11.8315,0.024942646,288.0308141708374,288.0308141708374,0.04937866146792658,1.0
331000,1.2423618,None,11.7740135,0.025706146,None,None,None,1.0
332000,1.2492517,999.0,11.696865,0.027665958,287.4081029891968,287.4081029891968,0.23580717104050564,1.0
333000,1.242188,999.0,11.92174,0.02746446,290.50969076156616,290.50969076156616,0.04328269380857819,1.0
334000,1.2608224,None,11.8263235,0.025420085,None,None,None,1.0
335000,1.251322,999.0,11.59099,0.027369231,287.2040424346924,287.2040424346924,0.051809315773425624,1.0
336000,1.227344,None,11.85132,0.028869826,None,None,None,1.0
337000,1.2497077,999.0,11.758378,0.027047493,288.53992795944214,288.53992795944214,0.18595022515728488,1.0
338000,1.248068,999.0,11.882106,0.027921021,288.97278118133545,288.97278118133545,0.04503498863959976,1.0
339000,1.2347921,999.0,11.765952,0.030241735,None,None,None,1.0
340000,1.2825819,None,12.116657,0.025505759,291.25310802459717,291.25310802459717,0.0390629547619028,1.0
341000,1.2431515,None,12.189346,0.02441571,None,None,None,1.0
342000,1.2499608,999.0,12.050235,0.025481893,288.6485104560852,288.6485104560852,0.059937170932244044,1.0
343000,1.2971743,999.0,11.850463,0.025862493,286.03186082839966,286.03186082839966,0.10060545049782377,1.0
344000,1.2363826,None,12.02512,0.027193746,None,None,None,1.0
345000,1.2436929,999.0,12.064543,0.024456944,291.40890312194824,291.40890312194824,0.053728813712950796,1.0
346000,1.2457995,None,12.023978,0.028983163,None,None,None,1.0
347000,1.2507943,999.0,12.032906,0.026877975,286.37649631500244,286.37649631500244,0.515991847456462,1.0
348000,1.2596123,999.0,12.123274,0.025513688,286.42727613449097,286.42727613449097,0.2861190566982259,1.0
349000,1.2190503,None,12.07234,0.02607945,None,None,None,1.0
350000,1.2235154,999.0,12.331907,0.02904531,286.7574796676636,286.7574796676636,0.049175774372997694,1.0
351000,1.2502133,None,12.226641,0.02821929,None,None,None,1.0
352000,1.2418108,999.0,12.367035,0.025640808,290.64293670654297,290.64293670654297,0.04469584435719298,1.0
353000,1.2160131,999.0,12.359144,0.027454436,288.51719427108765,288.51719427108765,0.13293945466648438,1.0
354000,1.2359643,None,12.348009,0.027369149,None,None,None,1.0
355000,1.2390637,999.0,12.212797,0.028744288,289.4529666900635,289.4529666900635,0.04150132898212178,1.0
356000,1.234236,None,12.328402,0.02898252,None,None,None,1.0
357000,1.2447056,999.0,12.397115,0.028316122,287.5205969810486,287.5205969810486,0.044688100104394834,1.0
358000,1.256529,999.0,12.3407345,0.029539097,287.556658744812,287.556658744812,0.04492859001766192,1.0
359000,1.2087706,None,12.117531,0.032155596,None,None,None,1.0
360000,1.2408895,999.0,12.532403,0.028022865,289.3329610824585,289.3329610824585,0.07482675272331107,1.0
361000,1.2212843,None,12.578915,0.026293155,None,None,None,1.0
362000,1.2379105,999.0,12.657017,0.026472347,289.5285258293152,289.5285258293152,0.1009294613977545,1.0
363000,1.2393496,999.0,12.647255,0.027547928,286.86761713027954,286.86761713027954,0.09594130852201488,1.0
364000,1.2375088,None,12.60174,0.028407581,None,None,None,1.0
365000,1.2260702,999.0,12.585555,0.029713778,291.4117832183838,291.4117832183838,0.042265462077921256,1.0
366000,1.222052,None,12.684483,0.024755744,None,None,None,1.0
367000,1.2337542,999.0,12.61171,0.027834881,291.1290249824524,291.1290249824524,0.051736582408921095,1.0
368000,1.234018,999.0,12.595268,0.02624403,284.6366958618164,284.6366958618164,0.18220435302646365,1.0
369000,1.230732,None,12.607025,0.03054729,None,None,None,1.0
370000,1.2089871,999.0,12.774534,0.026004404,285.4439687728882,285.4439687728882,0.1461227377440082,1.0
371000,1.2305536,None,12.854482,0.024486689,None,None,None,1.0
372000,1.2500452,999.0,12.770173,0.024373233,285.24759912490845,285.24759912490845,0.44324750865780516,1.0
373000,1.2563843,999.0,12.891523,0.022889983,288.3543119430542,288.3543119430542,0.06923073721918627,1.0
374000,1.2117577,None,12.847715,0.02255889,None,None,None,1.0
375000,1.2258724,999.0,12.722893,0.024594761,286.1466293334961,286.1466293334961,0.1310810576833319,1.0
376000,1.2247815,None,12.890677,0.022859637,None,None,None,1.0
377000,1.240639,999.0,12.83018,0.02455073,286.6633610725403,286.6633610725403,0.09673334709077608,1.0
378000,1.2459468,999.0,12.844467,0.022688493,288.81383657455444,288.81383657455444,0.15365559177735122,1.0
379000,1.2522936,None,12.847164,0.021456782,None,None,None,1.0
380000,1.2171773,999.0,12.863993,0.023737462,286.71085834503174,286.71085834503174,0.22413844721450005,1.0
381000,1.2042764,None,13.146951,0.016733475,None,None,None,1.0
382000,1.2310134,999.0,13.100516,0.017965617,288.8365902900696,288.8365902900696,0.10464992375636939,1.0
383000,1.2357804,999.0,13.194288,0.018348817,289.21653842926025,289.21653842926025,0.05689952194370562,1.0
384000,1.2077743,None,13.161759,0.017707873,None,None,None,1.0
385000,1.2049537,999.0,13.138613,0.017473761,286.3862133026123,286.3862133026123,0.22513874614378437,1.0
386000,1.2288282,None,13.22439,0.015978446,None,None,None,1.0
387000,1.2283094,987.5,13.294745,0.022677489,283.1193951368332,283.1193951368332,0.08470444942213362,1.0
388000,1.2233399,999.0,13.074394,0.017973745,288.3072500228882,288.3072500228882,0.10151557905192021,1.0
389000,1.2231961,None,13.127546,0.0164924,None,None,None,1.0
390000,1.2430043,999.0,12.978594,0.015328107,285.50599670410156,285.50599670410156,0.2189468610449694,1.0
391000,1.2132535,None,13.367933,0.016775236,None,None,None,1.0
392000,1.2279627,999.0,13.351795,0.014608232,290.88719749450684,290.88719749450684,0.10515641217352822,1.0
393000,1.217734,999.0,13.48102,0.014957027,287.0532126426697,287.0532126426697,0.1686966404595296,1.0
394000,1.2015201,None,13.298695,0.017173229,None,None,None,1.0
395000,1.2399315,999.0,13.365389,0.013611004,293.9361877441406,293.9361877441406,0.1042726859159302,1.0
396000,1.2390536,None,13.479803,0.012832637,None,None,None,1.0
397000,1.2180375,999.0,13.4861965,0.016661838,290.6655888557434,290.6655888557434,0.2992376069742022,1.0
398000,1.2225964,999.0,13.316384,0.014894626,289.2117052078247,289.2117052078247,0.09643849422718631,1.0
399000,1.2323545,None,13.289277,0.022585941,None,None,None,1.0
400000,1.1868335,999.0,13.480598,0.015537361,291.2252998352051,291.2252998352051,0.09912140767846722,1.0
401000,1.200226,None,13.7234745,0.012398204,None,None,None,1.0
402000,1.2178233,999.0,13.681728,0.015396465,288.05756282806396,288.05756282806396,0.20904187936685048,1.0
403000,1.1982083,999.0,13.766517,0.014408626,285.8057289123535,285.8057289123535,0.30167500756215304,1.0
404000,1.2257408,None,13.638427,0.015032234,None,None,None,1.0
405000,1.2178346,999.0,13.731884,0.014123945,291.799485206604,291.799485206604,0.04718137459713034,1.0
406000,1.2133563,None,13.664036,0.016168984,None,None,None,1.0
407000,1.2158571,999.0,13.796312,0.018601086,290.63471269607544,290.63471269607544,0.0526861776743317,1.0
408000,1.2281625,999.0,13.683846,0.016376391,290.1831774711609,290.1831774711609,0.05242753413040191,1.0
409000,1.2165227,None,13.827792,0.016552147,None,None,None,1.0
410000,1.232677,999.0,13.631559,0.015593885,287.67726135253906,287.67726135253906,0.1590862496814225,1.0
411000,1.218864,999.0,13.7559395,0.015436096,None,None,None,1.0
412000,1.2166873,999.0,13.912732,0.014593638,291.2979636192322,291.2979636192322,0.06298995079123415,1.0
413000,1.2434416,999.0,13.957928,0.014052175,289.9979290962219,289.9979290962219,0.052919845446012914,1.0
414000,1.2287822,None,13.967833,0.012005033,None,None,None,1.0
415000,1.251767,999.0,14.025442,0.012576611,292.87074851989746,292.87074851989746,0.05369277395948302,1.0
416000,1.2221087,None,14.005563,0.013693877,None,None,None,1.0
417000,1.2153751,999.0,14.149092,0.015014414,292.7128701210022,292.7128701210022,0.03305545842158608,1.0
418000,1.2289902,999.0,14.02079,0.013603943,290.7495641708374,290.7495641708374,0.05568306187342387,1.0
419000,1.2097915,None,13.89121,0.01658835,None,None,None,1.0
420000,1.2440331,999.0,14.097638,0.014454387,292.6753053665161,292.6753053665161,0.03453688227455132,1.0
421000,1.233827,None,13.904774,0.013358562,None,None,None,1.0
422000,1.2176427,999.0,14.206307,0.0032540513,289.5887117385864,289.5887117385864,0.21855466489796527,1.0
423000,1.2076958,999.0,14.413822,0.00018306477,290.9872703552246,290.9872703552246,0.025950990169803845,1.0
424000,1.1965983,None,14.170803,9.306611e-05,None,None,None,1.0
425000,1.2167453,999.0,14.147567,0.0015422925,289.71867752075195,289.71867752075195,0.02961826664977707,1.0
426000,1.1877857,None,14.2121315,0.001169484,None,None,None,1.0
427000,1.2193664,999.0,14.321139,0.0021741912,291.03216218948364,291.03216218948364,0.150817775822361,1.0
428000,1.2198879,999.0,14.175762,0.003291815,290.5965371131897,290.5965371131897,0.061352972785243765,1.0
429000,1.2032374,None,14.333285,0.001186255,None,None,None,1.0
430000,1.2224011,999.0,14.180312,-0.000510072,292.31893730163574,292.31893730163574,0.08532875700620934,1.0
431000,1.2108309,None,14.268673,0.0034849583,None,None,None,1.0
432000,1.1927936,999.0,14.43798,0.006974756,291.25660037994385,291.25660037994385,0.04884569864952937,1.0
433000,1.211861,999.0,14.362952,0.004285414,289.1915879249573,289.1915879249573,0.07430975584429689,1.0
434000,1.2109128,None,14.401753,0.003955138,None,None,None,1.0
435000,1.2189583,999.0,14.505241,0.004615007,289.6042757034302,289.6042757034302,0.06561719765886664,1.0
436000,1.1922197,None,14.513085,0.004657742,None,None,None,1.0
437000,1.2222532,999.0,14.525153,0.0044860244,290.80782890319824,290.80782890319824,0.08489079436549218,1.0
438000,1.2136644,999.0,14.557063,0.006379483,289.29125022888184,289.29125022888184,0.24902527091035154,1.0
439000,1.218293,None,14.496997,0.00565901,None,None,None,1.0
440000,1.1988202,999.0,14.505538,0.0056653162,289.65779304504395,289.65779304504395,0.07303394500922877,1.0
441000,1.2299124,806.0,14.328555,0.0066455007,236.0609827041626,236.0609827041626,0.11348090632236563,1.0
442000,1.2192638,999.0,14.522545,0.0022182898,288.4618091583252,288.4618091583252,0.29930288103059866,1.0
443000,1.184454,999.0,14.892946,0.005435094,290.2476997375488,290.2476997375488,0.10028689364844467,1.0
444000,1.1865382,None,14.943995,0.0070634377,None,None,None,1.0
445000,1.1828842,700.5,14.718268,0.006394316,202.7343292236328,202.7343292236328,0.07435411110054702,1.0
446000,1.211614,867.5,14.822819,0.0040125004,253.24989223480225,253.24989223480225,0.06022880130331032,1.0
447000,1.1802133,999.0,14.659797,0.011208754,291.56036949157715,291.56036949157715,0.08169332362012938,1.0
448000,1.183439,None,14.900633,0.0072337813,None,None,None,1.0
449000,1.2036778,None,14.768017,0.005969473,None,None,None,1.0
450000,1.1957934,999.0,14.807917,0.0049253856,292.3232297897339,292.3232297897339,0.08135485601815162,1.0
451000,1.1909964,999.0,14.882413,0.006855452,291.95674180984497,291.95674180984497,0.09413005484384485,1.0
452000,1.1810919,999.0,14.69944,0.006408523,292.5813503265381,292.5813503265381,0.038348449394106865,1.0
453000,1.1507802,None,15.153612,0.0020107017,None,None,None,1.0
454000,1.1712482,None,15.11464,0.0009415226,None,None,None,1.0
455000,1.176901,999.0,14.944828,0.003180195,291.5696020126343,291.5696020126343,0.057738182178582065,1.0
456000,1.1664706,999.0,15.202091,0.0051575326,292.0139698982239,292.0139698982239,0.3228796769544715,1.0
457000,1.1641906,999.0,14.979282,0.0017687018,289.6952724456787,289.6952724456787,0.23811829707119614,1.0
458000,1.16206,None,14.981971,0.0010587233,None,None,None,1.0
459000,1.1684195,None,14.968767,0.0016916414,None,None,None,1.0
460000,1.1900536,999.0,15.056812,0.00366189,289.21719217300415,289.21719217300415,0.0966558369982522,1.0
461000,1.1645535,952.5,15.080125,0.0072685173,277.40771305561066,277.40771305561066,0.19327166282252506,1.0
462000,1.1559662,999.0,15.070347,0.0029166199,291.0686836242676,291.0686836242676,0.34715036780107766,1.0
463000,1.1406133,None,15.202878,0.00086207973,None,None,None,1.0
464000,1.1680789,None,15.351204,0.0010150641,None,None,None,1.0
465000,1.130128,999.0,15.2765045,0.002815872,290.2223482131958,290.2223482131958,0.045138566521927714,1.0
466000,1.188206,999.0,15.299369,0.00072776614,292.95337168375653,292.95337168375653,0.07282631201087497,1.0
467000,1.1756114,999.0,15.22462,0.0016260166,294.00649070739746,294.00649070739746,0.062394212174694985,1.0
468000,1.1864132,325.0,15.369371,0.0007604272,93.76313358545303,93.76313358545303,0.20809383036703366,1.0
469000,1.153273,None,15.218968,7.111294e-05,None,None,None,1.0
470000,1.1592953,999.0,15.303487,0.00044624883,291.6655158996582,291.6655158996582,0.05888769467128441,1.0
471000,1.1821008,562.0,15.323652,0.0014196062,289.92654514312744,289.92654514312744,0.0792107045854209,1.0
472000,1.1625333,999.0,15.126672,0.00084572553,163.5626630783081,163.5626630783081,0.061787352300598286,1.0
473000,1.145375,999.0,15.5457735,-0.0010032447,289.69783115386963,289.69783115386963,0.0977359454263933,1.0
474000,1.134577,None,15.622524,0.0005735208,None,None,None,1.0
475000,1.1488283,999.0,15.45461,-0.0007932898,292.4420156478882,292.4420156478882,0.10157340645673685,1.0
476000,1.1499655,999.0,15.594883,0.00046303892,292.7914237976074,292.7914237976074,0.043784217959910166,1.0
477000,1.1612942,999.0,15.4284315,-0.000118875294,289.8656177520752,289.8656177520752,0.4334055422368692,1.0
478000,1.1458101,999.0,15.563068,0.0005745816,293.8291654586792,293.8291654586792,0.0731014795601368,1.0
479000,1.144666,None,15.470928,0.00029363055,None,None,None,1.0
480000,1.158231,999.0,15.582108,-0.0016276458,291.51676845550537,291.51676845550537,0.08075312728760764,1.0
481000,1.1434987,999.0,15.534361,0.00068799674,292.3597106933594,292.3597106933594,0.09551705681951717,1.0
482000,1.161565,999.0,15.450719,0.00050088635,292.23059129714966,292.23059129714966,0.41389518236974254,1.0
483000,1.1430246,999.0,15.582853,0.0021084058,294.452898979187,294.452898979187,0.08220365512534045,1.0
484000,1.1383817,None,15.854439,-0.0016062236,None,None,None,1.0
485000,1.1648519,999.0,15.788828,-0.0007430102,292.14208793640137,292.14208793640137,0.31741648574825376,1.0
486000,1.159377,999.0,15.884975,0.0022952778,287.7514457702637,287.7514457702637,0.39382108219433576,1.0
487000,1.1250465,999.0,15.687956,0.0031538517,295.3278970718384,295.3278970718384,0.07717041892465204,1.0
488000,1.1601572,999.0,15.804464,0.0009794259,291.64076042175293,291.64076042175293,0.06996188356424682,1.0
489000,1.1177897,None,15.771306,-0.00038039568,None,None,None,1.0
490000,1.1516439,999.0,15.826628,-0.00050957134,292.56328678131104,292.56328678131104,0.06579553929623216,1.0
491000,1.1669354,555.5,15.644836,-0.00052115263,203.22092501322427,203.22092501322427,0.07115318952128291,1.0
492000,1.1631528,999.0,15.619066,0.00032431306,292.39842891693115,292.39842891693115,0.10255804832559079,1.0
493000,1.1513937,None,15.859411,-0.00027951505,290.7518558502197,290.7518558502197,0.06791757798055187,1.0
494000,1.1642691,None,15.935845,0.01033537,None,None,None,1.0
495000,1.1419215,999.0,16.088282,0.00940029,292.5161952972412,292.5161952972412,0.0853316946013365,1.0
496000,1.1518981,999.0,16.05726,0.0088715805,291.149227142334,291.149227142334,0.09907542874861974,1.0
497000,1.1638097,999.0,16.024086,0.011904574,291.9960594177246,291.9960594177246,0.17206724744755775,1.0
498000,1.161334,None,15.966543,0.0092147775,293.67302989959717,293.67302989959717,0.05121496197534725,1.0
499000,1.1617138,None,15.982819,0.013501268,None,None,None,1.0
500000,1.143919,999.0,16.03028,0.007466027,292.330530166626,292.330530166626,0.06991985923377797,1.0
501000,1.1577489,999.0,16.101093,0.011588623,292.2253632545471,292.2253632545471,0.10016007465310395,1.0
502000,1.1591368,537.5,16.050974,0.009782669,289.9560375213623,289.9560375213623,0.42616630910197273,1.0
503000,1.1467249,712.5,16.088364,0.012089707,143.63383030891418,143.63383030891418,0.23765684165603793,1.0
504000,1.1842278,None,16.171984,0.008889318,None,None,None,1.0
505000,1.1822698,999.0,16.297966,0.008237918,291.8845682144165,291.8845682144165,0.10024043289013207,1.0
506000,1.1447765,999.0,16.334595,0.009863639,None,None,None,1.0
507000,1.2012441,416.0,16.091246,0.009113943,204.52693963050842,204.52693963050842,0.06619186603347771,1.0
508000,1.1745725,799.0,16.229933,0.020357722,233.34900625050068,233.34900625050068,0.32939463318689377,1.0
509000,1.1377158,269.0,16.323095,0.011176326,74.12769794464111,74.12769794464111,0.011018489149591915,1.0
510000,1.1411716,None,16.37458,0.009417524,None,None,None,1.0
511000,1.1501822,None,16.368217,0.00953196,None,None,None,1.0
512000,1.135901,999.0,16.399332,0.0077509014,291.8037872314453,291.8037872314453,0.05506001983303577,1.0
513000,1.1625999,999.0,16.212004,0.009156705,293.1505848566691,293.1505848566691,0.1583119712304324,1.0
514000,1.1755493,999.0,16.463745,0.011429111,293.9736213684082,293.9736213684082,0.0836456983233802,1.0
515000,1.1430267,None,16.55605,0.012136073,None,None,None,1.0
516000,1.1481652,None,16.547615,0.00912454,None,None,None,1.0
517000,1.1527691,999.0,16.570156,0.01130075,292.7992639541626,292.7992639541626,0.051407201535766944,1.0
518000,1.1835086,999.0,16.565208,0.014272133,291.6418743133545,291.6418743133545,0.07188070998139058,1.0
519000,1.160674,547.5,16.666344,0.008338101,161.1104874610901,161.1104874610901,0.041533668409101665,1.0
520000,1.1718057,None,16.586576,0.011887527,None,None,None,1.0
521000,1.1582682,None,16.590147,0.011367839,None,None,None,1.0
522000,1.1433203,999.0,16.528105,0.013509614,293.3043670654297,293.3043670654297,0.06418312506866641,1.0
523000,1.1665837,999.0,16.546877,0.009795407,293.74851989746094,293.74851989746094,0.05542437871918082,1.0
524000,1.1929553,810.0,16.694645,0.00935539,235.63797505696616,235.63797505696616,0.2819059114747991,1.0
525000,1.1947997,589.0,16.72399,0.03709217,168.52284502983093,168.52284502983093,0.24337784142699093,1.0
526000,1.181857,None,16.668468,0.022356343,None,None,None,1.0
527000,1.1846167,616.0,16.508095,0.025389053,19.48282280564308,19.48282280564308,134.8592929840088,1.0
528000,1.1678655,999.0,16.658855,0.0064685373,292.8811616897583,292.8811616897583,0.10277259419672191,1.0
529000,1.1657284,999.0,16.811483,0.003937447,294.2619948387146,294.2619948387146,0.3312392374573392,1.0
530000,1.1881415,999.0,16.524347,0.0019325316,292.1437244415283,292.1437244415283,0.49696084595052525,1.0
531000,1.1525098,None,16.726479,0.005275092,None,None,None,1.0
532000,1.1528106,999.0,16.76783,0.004732783,292.0646324157715,292.0646324157715,0.10649306664709002,1.0
533000,1.1520913,999.0,16.689259,0.0057903836,290.9766092300415,290.9766092300415,0.420099166163709,1.0
534000,1.1565423,999.0,16.886759,0.0056700297,292.41148042678833,292.41148042678833,0.09123147785430774,1.0
535000,1.1100923,999.0,17.113266,0.018031344,294.0152225494385,294.0152225494385,0.08264135182253085,1.0
536000,1.1450803,None,17.157536,0.015374835,None,None,None,1.0
537000,1.156756,999.0,17.152945,0.013771966,294.2301616668701,294.2301616668701,0.3378332905122079,1.0
538000,1.1398506,929.0,16.993542,0.017398339,270.5082583427429,270.5082583427429,0.0711248807492666,1.0
539000,1.1428195,999.0,17.090477,0.017973637,291.2187566757202,291.2187566757202,0.36316137909307145,1.0
540000,1.1446458,999.0,17.108685,0.015555922,296.7533931732178,296.7533931732178,0.026040798926260322,1.0
541000,1.1425868,None,17.061731,0.015924929,None,None,None,1.0
542000,1.1426128,999.0,17.044132,0.015978713,289.739444732666,289.739444732666,0.14373096398776397,1.0
543000,1.1350918,999.0,17.106127,0.016719684,293.7363438606262,293.7363438606262,0.027242911572102457,1.0
544000,1.1478046,999.0,17.107918,0.014063438,292.43617057800293,292.43617057800293,0.028938549483427778,1.0
545000,1.1547254,999.0,17.32494,0.012653212,294.651159286499,294.651159286499,0.03971198439830914,1.0
546000,1.140477,None,17.328785,0.009494289,None,None,None,1.0
547000,1.1595519,999.0,17.412241,0.012471177,296.71041679382324,296.71041679382324,0.1373378939460963,1.0
548000,1.1501372,999.0,17.260433,0.013849695,293.69510793685913,293.69510793685913,0.17804250432527624,1.0
549000,1.1357743,999.0,17.382107,0.013379407,294.45875549316406,294.45875549316406,0.05178126646205783,1.0
550000,1.1428835,999.0,17.367771,0.013525466,296.09939098358154,296.09939098358154,0.07354882769868709,1.0
551000,1.1268103,None,17.344759,0.013386124,None,None,None,1.0
552000,1.1466872,999.0,17.289305,0.013222735,294.89170360565186,294.89170360565186,0.3221182920387946,1.0
553000,1.1475117,999.0,17.217733,0.014342956,293.48992586135864,293.48992586135864,0.05859083594987169,1.0
554000,1.1352549,999.0,17.399342,0.0125304395,294.61854553222656,294.61854553222656,0.03400152694666758,1.0
555000,1.160929,999.0,17.260178,0.01812396,293.46581077575684,293.46581077575684,0.14871055548428558,1.0
556000,1.1433686,None,17.543257,0.016305331,None,None,None,1.0
557000,1.1353432,999.0,17.521431,0.016467113,291.6636085510254,291.6636085510254,0.5593516818480566,1.0
558000,1.145037,999.0,17.602468,0.017769983,294.09043550491333,294.09043550491333,0.48716015205718577,1.0
559000,1.1655554,999.0,17.65583,0.01427269,292.08083629608154,292.08083629608154,0.07350043951009866,1.0
560000,1.1455711,999.0,17.59918,0.015194498,292.69218254089355,292.69218254089355,0.19408998044673353,1.0
561000,1.1287559,None,17.640633,0.015686492,None,None,None,1.0
562000,1.1628771,999.0,17.676773,0.012896705,294.82624435424805,294.82624435424805,0.2555217398912646,1.0
563000,1.1376678,704.6666666666666,17.608696,0.01600572,207.58473904927573,207.58473904927573,0.06328282466468711,1.0
564000,1.1511197,999.0,17.455029,0.015989492,295.1200342178345,295.1200342178345,0.04502314329147339,1.0
565000,1.1324936,999.0,17.686665,0.014127751,291.75588035583496,291.75588035583496,0.8359448396950029,1.0
566000,1.1592517,703.0,17.65567,0.012372984,202.84856605529785,202.84856605529785,0.34554970799945295,1.0
567000,1.1604208,None,17.91495,0.013359104,None,None,None,1.0
568000,1.1345417,999.0,17.83412,0.0117383525,293.40373134613037,293.40373134613037,0.11396058851096313,1.0
569000,1.133819,759.0,17.815105,0.015500764,219.23740047216415,219.23740047216415,0.07140076675568707,1.0
570000,1.1400007,999.0,17.938797,0.011082848,292.80122470855713,292.80122470855713,0.23969874903559685,1.0
571000,1.1387852,33.0,17.904505,0.012953473,4.817533493041992,4.817533493041992,0.006285446230322123,1.0
572000,1.1342725,None,17.87072,0.014879216,None,None,None,1.0
573000,1.1481576,999.0,17.817924,0.01212524,293.6348385810852,293.6348385810852,0.14358510795864277,1.0
574000,1.1684239,999.0,17.722824,0.015235286,293.85381746292114,293.85381746292114,0.09051542566157877,1.0
575000,1.1432388,999.0,17.886272,0.013737451,None,None,None,1.0
576000,1.109391,None,18.284992,0.012355465,295.4243221282959,295.4243221282959,0.09294881971436553,1.0
577000,1.1545178,None,18.157772,0.012850819,None,None,None,1.0
578000,1.1443895,923.3333333333334,17.95911,0.03616784,267.1769395669301,267.1769395669301,0.402732508101811,1.0
579000,1.1343497,999.0,18.15588,0.011283841,294.23264503479004,294.23264503479004,0.07259376184083521,1.0
580000,1.1434699,None,18.20762,0.010005365,None,None,None,1.0
581000,1.1539087,999.0,18.07365,0.013905106,294.00013160705566,294.00013160705566,0.07495987499714829,1.0
582000,1.1290219,999.0,18.084913,0.012726599,None,None,None,1.0
583000,1.1549846,999.0,18.114079,0.012949122,291.0562432607015,291.0562432607015,0.2171633841159443,1.0
584000,1.1540667,999.0,18.044865,0.011117849,294.0319290161133,294.0319290161133,0.03770024367258884,1.0
585000,1.1504169,526.0,18.134617,0.013198434,150.37053298950195,150.37053298950195,0.021122560079675168,1.0
586000,1.1613028,999.0,18.199352,0.010323366,292.2126111984253,292.2126111984253,0.21854402543976903,1.0
587000,1.130613,745.0,18.321476,0.01378943,214.10716438293457,214.10716438293457,0.05916891252854839,1.0
588000,1.1497966,942.0,18.41959,0.014082706,273.30570888519287,273.30570888519287,0.0572397974319756,1.0
589000,1.1394068,589.0,18.344452,0.016416838,170.04023790359497,170.04023790359497,0.08044292623526417,1.0
590000,1.1612481,999.0,18.397665,0.013270838,293.0036144256592,293.0036144256592,0.047634571470553055,1.0
591000,1.1467828,999.0,18.223738,0.015866151,295.83245372772217,295.83245372772217,0.15475182211957872,1.0
592000,1.1614538,999.0,18.298225,0.014781716,294.04428482055664,294.04428482055664,0.03952113684499636,1.0
593000,1.1612887,None,18.316044,0.013309596,None,None,None,1.0
594000,1.1521239,999.0,18.321201,0.013441776,292.31978368759155,292.31978368759155,0.04898999715805985,1.0
595000,1.1283342,999.0,18.351835,0.014249247,298.1359214782715,298.1359214782715,0.09917949844384566,1.0
596000,1.1475816,999.0,18.542782,0.0143288765,290.2336940765381,290.2336940765381,0.1788358313497156,1.0
597000,1.1707759,999.0,18.611002,0.011791973,294.09414291381836,294.09414291381836,0.3041544776642695,1.0
598000,1.150986,None,18.688684,0.013789441,None,None,None,1.0
599000,1.1525121,934.3333333333334,18.63224,0.01667595,273.11296939849854,273.11296939849854,0.06030052153316016,1.0
600000,1.1598189,None,18.430977,0.017282572,None,None,None,1.0
601000,1.1623868,661.0,18.565378,0.018207476,191.07586696743965,191.07586696743965,0.44435524122673353,1.0
602000,1.1491325,999.0,18.652025,0.013644485,293.78608798980713,293.78608798980713,0.44324097310891375,1.0
603000,1.1609099,None,18.694416,0.01270768,None,None,None,1.0
604000,1.1608319,999.0,18.527359,0.013855379,291.10805654525757,291.10805654525757,0.067852744992706,1.0
605000,1.1607529,579.0,18.54668,0.020698536,165.27495312690735,165.27495312690735,0.029590245918370783,1.0
606000,1.1606061,999.0,18.703806,0.013502083,294.3313341140747,294.3313341140747,0.11182142996403854,1.0
607000,1.1536249,None,18.575132,0.017386269,None,None,None,1.0
608000,1.1190326,None,18.878708,0.0128037,None,None,None,1.0
609000,1.1286075,981.3333333333334,18.794445,0.012255897,285.70657030741376,285.70657030741376,0.4247401677906358,1.0
610000,1.1333288,None,18.86704,0.013326695,None,None,None,1.0
611000,1.1156647,999.0,18.883465,0.013279501,294.87306022644043,294.87306022644043,0.10787921395967714,1.0
612000,1.1160439,305.0,18.899057,0.016278418,82.7710771560669,82.7710771560669,0.01938943169079721,1.0
613000,1.1290824,None,18.82645,0.0112393685,None,None,None,1.0
614000,1.1313602,999.0,18.716759,0.015387454,295.41832796732587,295.41832796732587,0.047946986102033406,1.0
615000,1.1351752,None,18.81062,0.015013402,None,None,None,1.0
616000,1.1206038,999.0,18.945663,0.015872346,292.7222423553467,292.7222423553467,0.03760938736377284,1.0
617000,1.1396459,999.0,19.069857,0.011115071,294.86312675476074,294.86312675476074,0.05437739402987063,1.0
618000,1.1002487,None,19.103542,0.010968691,None,None,None,1.0
619000,1.1221263,999.0,18.937538,0.012933301,292.3287878036499,292.3287878036499,0.2676152723142877,1.0
620000,1.1262851,None,19.031622,0.012263564,None,None,None,1.0
621000,1.1030821,999.0,19.024734,0.01234714,294.14064598083496,294.14064598083496,0.06684204188059084,1.0
622000,1.1263756,999.0,19.103334,0.012065509,291.95362854003906,291.95362854003906,0.055415190232452005,1.0
623000,1.113889,None,18.99351,0.0129092615,None,None,None,1.0
624000,1.1313903,999.0,18.866924,0.017788917,293.63737360636395,293.63737360636395,0.40614675912850845,1.0
625000,1.1292033,None,18.975721,0.014642309,None,None,None,1.0
626000,1.0978645,999.0,19.027521,0.01306159,291.36962127685547,291.36962127685547,0.2104593797121197,1.0
627000,1.1276355,999.0,19.256947,0.011059996,289.03479194641113,289.03479194641113,0.5785116826300509,1.0
628000,1.1147923,None,19.2903,0.015396157,None,None,None,1.0
629000,1.1083264,999.0,19.259436,0.013963554,294.9084186553955,294.9084186553955,0.36878774433474365,1.0
630000,1.1123028,None,19.388218,0.012376756,None,None,None,1.0
631000,1.1121494,999.0,19.237043,0.012384325,294.4423294067383,294.4423294067383,0.1848745520110242,1.0
632000,1.1100807,999.0,19.319347,0.014253044,295.5537061691284,295.5537061691284,0.059440314304083586,1.0
633000,1.1131518,776.0,19.294044,0.016466042,228.30582809448242,228.30582809448242,0.08265525807655649,1.0
634000,1.1034006,999.0,19.263586,0.013321512,295.88593339920044,295.88593339920044,0.07013605519023258,1.0
635000,1.108609,None,19.3806,0.0123234335,None,None,None,1.0
636000,1.1022125,999.0,19.320297,0.015444504,293.3294506072998,293.3294506072998,0.1579402188071981,1.0
637000,1.1116384,999.0,19.399515,0.010656729,296.30436611175537,296.30436611175537,0.375043859356083,1.0
638000,1.1286848,999.0,19.601318,0.011070208,295.7237377166748,295.7237377166748,0.03849056351464242,1.0
639000,1.1193703,999.0,19.449245,0.010288274,293.387526512146,293.387526512146,0.14815944711881457,1.0
640000,1.1257114,None,19.621595,0.011356122,None,None,None,1.0
641000,1.1031682,999.0,19.602468,0.011653714,294.4497289657593,294.4497289657593,0.2521222237555776,1.0
642000,1.1146382,999.0,19.623293,0.010776722,289.345495223999,289.345495223999,0.7248062848520931,1.0
643000,1.0923455,999.0,19.598213,0.0110848695,292.2930850982666,292.2930850982666,0.0868849474209128,1.0
644000,1.146615,999.0,19.540848,0.012445462,292.9640898704529,292.9640898704529,0.11982320158858784,1.0
645000,1.1443287,None,19.508947,0.011085325,None,None,None,1.0
646000,1.1217024,999.0,19.570269,0.011996597,296.03931999206543,296.03931999206543,0.15998396696522832,1.0
647000,1.1251329,999.0,19.726612,0.008666193,291.3337469100952,291.3337469100952,0.10382519493578002,1.0
648000,1.1329101,999.0,19.715591,0.017771006,292.4766044616699,292.4766044616699,0.1006437512114644,1.0
649000,1.1143886,873.3333333333334,19.726116,0.015436073,255.65622266133627,255.65622266133627,0.04631778614323897,1.0
650000,1.1088201,None,19.918592,0.012927378,None,None,None,1.0
651000,1.0879133,None,19.907043,0.012550641,None,None,None,1.0
652000,1.1221652,999.0,19.757265,0.014287524,289.9557914733887,289.9557914733887,0.12903853828902356,1.0
653000,1.109169,999.0,19.918495,0.012053385,294.53925609588623,294.53925609588623,0.07452407843084075,1.0
654000,1.1199515,999.0,19.70058,0.015456664,294.0054365793864,294.0054365793864,0.0486017682220942,1.0
655000,1.0903493,None,19.902685,0.016343245,None,None,None,1.0
656000,1.0850737,None,19.830164,0.013639156,None,None,None,1.0
657000,1.1316308,999.0,19.877607,0.015168106,294.223970413208,294.223970413208,0.06851922711939551,1.0
658000,1.1073455,999.0,20.070164,0.014934227,295.7106924057007,295.7106924057007,0.23280332046851981,1.0
659000,1.1268331,999.0,19.742737,0.016642481,295.2239112854004,295.2239112854004,0.06770436916849576,1.0
660000,1.1079537,None,19.885233,0.014907978,None,None,None,1.0
661000,1.1203064,None,19.956821,0.014186332,None,None,None,1.0
662000,1.1116285,999.0,20.007595,0.014097283,295.8214340209961,295.8214340209961,0.0857525022001937,1.0
663000,1.0980575,999.0,20.05915,0.014721593,288.53772354125977,288.53772354125977,0.6086523268604651,1.0
664000,1.1118493,999.0,19.896063,0.014308277,292.67378266652423,292.67378266652423,0.5903651278543597,1.0
665000,1.1042744,None,20.064928,0.016193276,None,None,None,1.0
666000,1.1013681,None,19.902412,0.014763626,None,None,None,1.0
667000,1.1214478,545.6666666666666,20.145075,0.016358353,158.3428123394648,158.3428123394648,0.12050387251171439,1.0
668000,1.0883456,999.0,20.167337,0.013618842,294.8852710723877,294.8852710723877,0.06945972357061692,1.0
669000,1.0950093,999.0,20.284168,0.015739273,291.06020736694336,291.06020736694336,0.14335285480774473,1.0
670000,1.1193036,329.0,20.379616,0.014262196,92.3446741104126,92.3446741104126,0.042874643133473,1.0
671000,1.1194209,None,20.32968,0.013560007,None,None,None,1.0
672000,1.1211627,999.0,20.21907,0.014161408,293.44165229797363,293.44165229797363,0.10258509835693985,1.0
673000,1.1047971,440.5,20.447437,0.024641797,123.74868059158325,123.74868059158325,0.02874763699981031,1.0
674000,1.1095157,999.0,20.377506,0.014280943,294.3188591003418,294.3188591003418,0.04701457268674858,1.0
675000,1.1191101,739.0,20.116154,0.014442401,214.40407276153564,214.40407276153564,0.06270046439021826,1.0
676000,1.1138036,None,20.316246,0.012535986,None,None,None,1.0
677000,1.1046668,999.0,20.317272,0.013406266,296.81223487854004,296.81223487854004,0.6526797578553669,1.0
